sample_id,utterance,context,gold_label,free_emotions,free_emotions_norm,mapped_label,mapping_method,mapping_confidence,mapping_reason,is_demo
S0002,"Well for the regular guy, its bad, but Chandler, Oh dear God!",Monica: The woman from the museum called and said that there was a cancellation and that we could move up our wedding and Chandler heard! Monica: I know! Monica: How bad is this?,fear,surprise|concern,surprise|concern,surprise,dictionary_tie_break,0.6,Dictionary labels tied; used first generated emotion as tie-break.,false
S0001,Okay. Its Emma.,,neutral,concerned|pensive,concerned|pensive,fear,hybrid_dictionary_plus_fallback,0.75,Dictionary majority vote over normalized emotion words.,false
S0003,Who am I?,Ross: Where does that leave me? Susan: You get to be the baby's father. Susan: Everyone knows who you are.,anger,confusion|uncertainty,confusion|uncertainty,surprise,dictionary_tie_break,0.6,Dictionary labels tied; used first generated emotion as tie-break.,false
S0004,Well! Well! Well! Joey Tribbiani! So you came back huh? They,"Joey: Hey Estelle, listen",surprise,surprise|skepticism,surprise|skepticism,surprise,hybrid_dictionary_plus_fallback,0.75,Dictionary majority vote over normalized emotion words.,false
S0005,"Oh, y'know Joey, you are sick!","Monica: Hi, how are you doing Kelly? Rachel: I'm doing just fine! God, Tiffany, you smell so great! Monica: It's my new perfume. Why don't you come closer where you can",disgust,disgust|annoyance,disgust|annoyance,disgust,dictionary_tie_break,0.6,Dictionary labels tied; used first generated emotion as tie-break.,false
S0006,"My marriage, I think my marriage is um, is kinda over.","Ross: Hi. Where is everybody? Phoebe: Oh, its already closed, Chris gave me the keys to lock up-what is wrong?",sadness,sadness|concern,sadness|concern,sadness,dictionary_tie_break,0.6,Dictionary labels tied; used first generated emotion as tie-break.,false
S0008,"Oh, this life! Oh okay no, Chandler's is worse.",Ross: In,sadness,frustration|exasperation,frustration|exasperation,anger,hybrid_dictionary_plus_fallback,0.75,Dictionary majority vote over normalized emotion words.,false
S0007,"Phoebe, come on, you have to tell us.","Chandler: Why not? Phoebe: I cant say because hes famous. Rachel: Oh my God, who is it?!",anger,curiosity|anticipation,curiosity|anticipation,surprise,hybrid_dictionary_plus_fallback,0.75,Dictionary majority vote over normalized emotion words.,false
S0009,"Man, it must be so cool remembering stuff like that! I don't have any past life memories.","Ross: In Phoebe: Oh, this life! Oh okay no, Chandler's is worse.",joy,curiosity|wistfulness,curiosity|wistfulness,surprise,hybrid_dictionary_plus_fallback,0.75,Dictionary majority vote over normalized emotion words.,false
S0010,"So, eight days late huh?",Dr. Long: Well do a quick check. Rachel: Okay.,surprise,curious|inquisitive,curious|inquisitive,surprise,hybrid_dictionary_plus_fallback,0.75,Dictionary majority vote over normalized emotion words.,false
S0011,"Oh, I cant watch this.","TV Announcer: Pete Becker is circling the ring now. It looks like, hes just trying to feel him out. Oh, Bruiser is just... Chandler: Run! Run you crazy, rich freak!",fear,distressed|overwhelmed,distressed|overwhelmed,neutral,heuristic_llm_fallback,0.55,"Unresolved words: distressed, overwhelmed; used text-level fallback.",false
S0012,"We could, or we can have sex in it.",Chandler: Should we tell Rachel theres an empty private room right next door to hers?,joy,flirtatious|playful,flirtatious|playful,joy,hybrid_dictionary_plus_fallback,0.75,Dictionary majority vote over normalized emotion words.,false
S0014,"Good-good, dont tell him. Dont tell him. Just have him call me okay?","Joey: What? II just figured since youre pregnant youre not gonna be seeing people. Rachel: Okay Joey, first of all Kash Ford is not people. Second of all, what did he say when you told him I was pregnant? Joey: I didnt tell him. I didnt know if you were telling people. This is back when I thought Kash was still people.",fear,cautious|determined,cautious|determined,neutral,heuristic_llm_fallback,0.55,"Unresolved words: cautious, determined; used text-level fallback.",false
S0013,"Ross Geller, why do I know that name? Its uhWait!  Did you write this?","Ross: I find Marions views far too progressionist. Woman: Im sorry, who are you? Ross: Im a professor here uh, RossGeller.",surprise,surprise|recognition,surprise|recognition,surprise,hybrid_dictionary_plus_fallback,0.75,Dictionary majority vote over normalized emotion words.,false
S0016,"Hey, if Little Joey's dead, then I got no reason to live!","Monica: Hey, Joey, what would you do if you were omnipotent? Joey: Probably kill myself! Monica: ..Excuse me?",sadness,despair|melancholy,despair|melancholy,neutral,heuristic_llm_fallback,0.55,"Unresolved words: despair, melancholy; used text-level fallback.",false
S0015,"See, there's always one guy.  ""If I had a wish, I'd wish for three more wishes.""","Phoebe: If I were omnipotent for a day, I would want, um, world peace, no more hunger, good things for the rain-forest...And bigger boobs! Ross: Yeah, see.. you took mine. Chandler, what about you? Chandler: Uh, if I were omnipotent for a day, I'd.. make myself omnipotent forever.",disgust,sarcastic|amused,sarcastic|amused,joy,hybrid_dictionary_plus_fallback,0.75,Dictionary majority vote over normalized emotion words.,false
S0018,"Oh, it's so romantic to send people off on their honeymoon.",,joy,nostalgic|affectionate,nostalgic|affectionate,sadness,dictionary_tie_break,0.6,Dictionary labels tied; used first generated emotion as tie-break.,false
S0017,"Listen, I ah, I gotta say good bye, and-and I gotta say it quick cause this is killing me.","Joey: In a minute!! Lauren: So this is it? Victor? Joey: Yeah, I guess it is.",sadness,sadness|urgency,sadness|urgency,sadness,hybrid_dictionary_plus_fallback,0.75,Dictionary majority vote over normalized emotion words.,false
S0019,Whats the charity?,"Chandler: Well, of course I do! My good friend Joey over here. Joey: Oh, Im sorry. Thank you Chandler. Rachel: Anyway, theres this big charity ball this weekend and Ralph Lauren bought a table, so I kinda have to go",neutral,curious|inquisitive,curious|inquisitive,surprise,hybrid_dictionary_plus_fallback,0.75,Dictionary majority vote over normalized emotion words.,false
S0020,You wanted to see me Professor Geller?,,joy,curious|polite,curious|polite,surprise,hybrid_dictionary_plus_fallback,0.75,Dictionary majority vote over normalized emotion words.,false
S0022,knock over the sandwich right when I was reaching for one!,"Joey: Anyway, it wasnt the robot, it was the guy who controls him. Joey: Yeah, he doesnt like me. Joey: He had C.H.E.E.S.E.",anger,frustration|annoyance,frustration|annoyance,anger,dictionary,0.8500000000000001,Dictionary majority vote over normalized emotion words.,false
S0021,"Yeah, he doesnt like me.","Joey: Pretty great! Except I did get a little attitude from the robot. Chandler: Damn those robots, theyre supposed to be our Joey: Anyway, it wasnt the robot, it was the guy who controls him.",anger,disappointed|frustrated,disappointed|frustrated,sadness,dictionary_tie_break,0.6,Dictionary labels tied; used first generated emotion as tie-break.,false
S0024,What?,Monica: Oh good God! If you want a baby so bad just go steal it! Monica: What is going on with you? Since when are you so crazy about babies? Chandler: Im not crazy about babies. Im crazy about us.,surprise,confusion|amusement,confusion|amusement,surprise,dictionary_tie_break,0.6,Dictionary labels tied; used first generated emotion as tie-break.,false
S0023,Oh good God! If you want a baby so bad just go steal it!,,anger,anger|frustration,anger|frustration,anger,dictionary,0.8500000000000001,Dictionary majority vote over normalized emotion words.,false
S0025,Ken Adams!!,"Rachel: I heard it from my friend Irene who heard it from some guy! Joey: Some guy!! Rachel: No. No, she told me his name was Ken Adams.",surprise,surprise|excitement,surprise|excitement,surprise,dictionary_tie_break,0.6,Dictionary labels tied; used first generated emotion as tie-break.,false
S0026,Some days it's all I can think about.,"Ross: How we doing, you guys ready? Monica: Mom already called this morning to remind me not to wear my hair up. Did you know my ears are not my best feature?",neutral,preoccupation|self-consciousness,preoccupation|self-consciousness,neutral,heuristic_llm_fallback,0.55,"Unresolved words: preoccupation, self-consciousness; used text-level fallback.",false
S0028,"I don't know, I just kinda ran into him last night.","Rachel: Ok, Paulo, why don't you just go get dressed, and then you be on your way, ok, bye-bye. Monica: Rachel, how did this happen?",fear,confused|uncertain,confused|uncertain,surprise,dictionary_tie_break,0.6,Dictionary labels tied; used first generated emotion as tie-break.,false
S0027,"Well umm, Alexandra has been",Phoebe: I cant believe this! How long as this been going on?,neutral,hesitant|concerned,hesitant|concerned,fear,dictionary,0.8500000000000001,Dictionary majority vote over normalized emotion words.,false
S0029,What is the big deal?,"Ross: It's breast milk. Phoebe: So? Rachel: Phoebe, that is juice, squeezed from a person.",anger,confusion|skepticism,confusion|skepticism,surprise,hybrid_dictionary_plus_fallback,0.75,Dictionary majority vote over normalized emotion words.,false
S0030,That would be no.,"Chandler: Of course the packaging does appeal to grown-ups and kids alike. Carol: Ross, you're being silly. I've tried it, it's no big deal. Just taste it.",disgust,dismissive|resigned,dismissive|resigned,neutral,heuristic_llm_fallback,0.55,"Unresolved words: dismissive, resigned; used text-level fallback.",false
S0031,"Oh, you've tasted it.",Joey: Exactly. Ross: You've tasted it? You've tasted it. Susan: Uh huh.,anger,surprise|curiosity,surprise|curiosity,surprise,dictionary,0.8500000000000001,Dictionary majority vote over normalized emotion words.,false
S0032,Push!,"Joey: Come on, Lydia, you can do it.",joy,encouragement|support,encouragement|support,neutral,heuristic_llm_fallback,0.55,"Unresolved words: encouragement, support; used text-level fallback.",false
S0034,"Ohh, well, this is just perfect!","Phoebe: Yeah, she was bald, shes not now. Rachel: How could you not tell me that she has hair? Phoebe: I dont know, I hardly ever say that about people.",anger,surprise|sarcasm,surprise|sarcasm,surprise,hybrid_dictionary_plus_fallback,0.75,Dictionary majority vote over normalized emotion words.,false
S0033,Why are there only two of you?,"Phoebe: All right. Phoebe: Well, thats just the way that goes. Phoebe: Okay, good.",fear,curious|confused,curious|confused,surprise,dictionary,0.8500000000000001,Dictionary majority vote over normalized emotion words.,false
S0036,"I'm sorry, honey, I promise it will never happen again.",Chandler: Really stupid. Mrs. Bing: Really stupid. Mrs. Bing: And I don't even know how it happened.,sadness,apologetic|concerned,apologetic|concerned,sadness,dictionary_tie_break,0.6,Dictionary labels tied; used first generated emotion as tie-break.,false
S0035,"Oh! Ohhhhh! Oh! Phoebe, come here. Aw, this is my new bed. You gotta feel this bad boy.","Phoebe: I mean if you buy a bed from Janices ex-husband, thats like betraying Chandler. Monica: Not at these prices. Phoebe: Hi. Y'know in England this car would be on the other side of the store.  Woo!",joy,excitement|enthusiasm,excitement|enthusiasm,joy,hybrid_dictionary_plus_fallback,0.75,Dictionary majority vote over normalized emotion words.,false
S0037,No-no! Don't do it! Don't!,"Chandler: Four hours? You guys have been doing this for four hours? Joey: That's right baby. Chandler: All right, let me in.",fear,fear|urgency,fear|urgency,neutral,heuristic_llm_fallback,0.55,"Unresolved words: fear, urgency; used text-level fallback.",false
S0038,Shielding your face and shrieking like a girl... is not a backhand.,"Sarah: So thats two boxes of the Holiday Macaroons. On behalf of the Brown Birds of America, I salute you. Ross: Just admit it Chandler, you have no backhand. Chandler: Excuse me little one, I have a very solid backhand.",disgust,mocking|critical,mocking|critical,neutral,heuristic_llm_fallback,0.55,"Unresolved words: mocking, critical; used text-level fallback.",false
S0039,Okay. But the question is whos gonna go first. Cause whoever goes second is the bitch.,"Monica: Okay well then, Ill fire him today and you go out with him for another week. Phoebe: Are you kidding?! Another week with that sip, Ill kill Monica: Okay well, then well both do it today and hell just have to deal with it!",sadness,resigned|hesitant,resigned|hesitant,fear,hybrid_dictionary_plus_fallback,0.75,Dictionary majority vote over normalized emotion words.,false
S0040,Were not even shootin them anymore?!!,"Joey: Like theyre taking it off the air? Joey: Ohh. Joey: All right, see you Monday.",surprise,surprise|confusion,surprise|confusion,surprise,dictionary,0.8500000000000001,Dictionary majority vote over normalized emotion words.,false
S0041,I dont think Id be comfortable with any of my old lovers there.,Ross: Sure. Why not? Emily: Really? Ross: Yeah?,sadness,hesitant|uncomfortable,hesitant|uncomfortable,fear,dictionary_tie_break,0.6,Dictionary labels tied; used first generated emotion as tie-break.,false
S0042,"Wait-wait-wait, do you, do you think, maybe we shouldnt invite her?",Emily: Really? Ross: Yeah? Emily: I dont think Id be comfortable with any of my old lovers there.,fear,hesitant|uncertain,hesitant|uncertain,fear,dictionary,0.8500000000000001,Dictionary majority vote over normalized emotion words.,false
S0043,Who cares? I repel women.,"Chandler: Okay, is this lamp in the same place?",disgust,frustration|self-deprecation,frustration|self-deprecation,anger,hybrid_dictionary_plus_fallback,0.75,Dictionary majority vote over normalized emotion words.,false
S0044,Hi Jill!,"Jill: Its yours! Rachel: Yeah well, Im-Im a slut. Jill: Me too.",joy,greeting|casual,greeting|casual,neutral,dictionary,0.8500000000000001,Dictionary majority vote over normalized emotion words.,false
S0045,"Uh, it's 2:30 in the morning!","Chandler: Shut-out!! Monica: Where are you guys going? Come on, one more game!",sadness,surprise|exhaustion,surprise|exhaustion,surprise,hybrid_dictionary_plus_fallback,0.75,Dictionary majority vote over normalized emotion words.,false
S0046,I did not cry my eyes out!!,"Monica: Dont I deserve a few tears?!! Monica: I mean we-we told Joey, he cried his eyes out! Joey: Hey!",anger,defensive|indignant,defensive|indignant,anger,hybrid_dictionary_plus_fallback,0.75,Dictionary majority vote over normalized emotion words.,false
S0047,I wanna see whats in your hand. I wanna see the trash.,"Joey: Oh my God, youre back! Phoebe: Ohh, let me see it! Let me see your hand! Monica: Why do you want to see my hand?",disgust,curious|playful,curious|playful,surprise,dictionary_tie_break,0.6,Dictionary labels tied; used first generated emotion as tie-break.,false
S0048,"Eww! Oh, its all dirty. You should throw this out.","Phoebe: Ohh, let me see it! Let me see your hand! Monica: Why do you want to see my hand? Phoebe: I wanna see whats in your hand. I wanna see the trash.",disgust,disgust|annoyance,disgust|annoyance,disgust,dictionary_tie_break,0.6,Dictionary labels tied; used first generated emotion as tie-break.,false
S0050,Whoa!,"Phoebe: Help! Phoebe: Oh good! Phoebe: Thank you, I need that.",surprise,surprise|relief,surprise|relief,surprise,dictionary_tie_break,0.6,Dictionary labels tied; used first generated emotion as tie-break.,false
S0049,"Hi! Oh, Im so glad you called.","Rachel: Oh, thank you thats very helpful, Im glad you came over. Rachel: Hello. Ross: Hi! Its me.",joy,joy|relief,joy|relief,joy,dictionary,0.8500000000000001,Dictionary majority vote over normalized emotion words.,false
S0052,Oh my God. You guys! You gotta come see this! There's some creep out there with a telescope!,"Chandler: I can't believe you would actually say that. I would much rather be Mr.Peanut than Mr.Salty. Joey: No way! Mr.Salty is a sailor, all right, he's got to be, like, thetoughest snack there is. Ross: I don't know, you don't wanna mess with corn nuts. They're craaazy.",fear,surprise|alarm,surprise|alarm,surprise,dictionary_tie_break,0.6,Dictionary labels tied; used first generated emotion as tie-break.,false
S0051,"Oh myThis is so embarrassing. Oh my God, Im never gonna get massaged again!",Phoebe: Oo God! Phoebe: What are you looking at?! Phoebe: I mean hi.,fear,embarrassed|frustrated,embarrassed|frustrated,anger,hybrid_dictionary_plus_fallback,0.75,Dictionary majority vote over normalized emotion words.,false
S0053,"On no! No! Its not good-bye, Im not leaving until you get on that plane.","Janice: Yknow? Janice: Besides, somebody had to ride in that other taxi with the rest of your luggage, and your friends dont really seem to care too much that youre leaving. Chandler: Well, were really not that close.  Okay, so I guess this is uh, good-bye then.",sadness,pleading|desperate,pleading|desperate,neutral,heuristic_llm_fallback,0.55,"Unresolved words: pleading, desperate; used text-level fallback.",false
S0054,I-I do though.,"Phoebe: Thats good. I got to admit, I thought it was something else. David: Yeah, I Well I really actually wanted to say umm, that, but um, I figured I probably shouldnt because yknow, Ihave to leave. Phoebe: Youre right! Youre right. Dont say it.",sadness,hesitant|uncertain,hesitant|uncertain,fear,dictionary,0.8500000000000001,Dictionary majority vote over normalized emotion words.,false
S0056,Chandler that's crazy!,"Chandler: Well, y'know, you and me, it had to end sometime. Monica: Why, exactly? Chandler: Because of the weekend, we had a fight.",surprise,surprise|amusement,surprise|amusement,surprise,dictionary_tie_break,0.6,Dictionary labels tied; used first generated emotion as tie-break.,false
S0055,Why are we in bed together?,Rachel: Ohhh!,surprise,confusion|surprise,confusion|surprise,surprise,dictionary,0.8500000000000001,Dictionary majority vote over normalized emotion words.,false
S0058,"See, yes.",Chandler: I know.,neutral,acknowledgment|casualness,acknowledgment|casualness,neutral,dictionary,0.8500000000000001,Dictionary majority vote over normalized emotion words.,false
S0057,I got my hair coloured!,Rachel: Sorry. Rachel: Im so exited! Rachel: Ive been waiting for this for months!,joy,excited|happy,excited|happy,joy,dictionary,0.8500000000000001,Dictionary majority vote over normalized emotion words.,false
S0059,I might've said that.  Why is that funny?,"Chandler: Yeah, I don't think he's up to meeting everyone yet. Rachel: I dont care! I wanna meet this guy who's the best sex she ever had! Chandler: Really?! That's what you heard?  You said that?",neutral,confusion|curiosity,confusion|curiosity,surprise,dictionary,0.8500000000000001,Dictionary majority vote over normalized emotion words.,false
S0060,"We did have fun, didn't we?","Rachel: It wouldn't have mattered anyway, Phoebe, you and I are, are gonna live together, we're roommates; that's the deal. Phoebe: Yes, but I wanted you to want to live with me, but okay, if you're having so much fun over here Rachel: Oh, it's so much more fun with you.",joy,nostalgic|affectionate,nostalgic|affectionate,sadness,dictionary_tie_break,0.6,Dictionary labels tied; used first generated emotion as tie-break.,false
S0062,"Eight and a half hours of aptitude tests, intelligence tests, personality tests... and what do I learn?","Monica: Yeah, well, is that Joey: I don't know. We're talking about whipped fish, Monica. I'm just happy I'm keeping it down, y'know? Rachel: My God! What happened to you?",disgust,frustration|exhaustion,frustration|exhaustion,anger,hybrid_dictionary_plus_fallback,0.75,Dictionary majority vote over normalized emotion words.,false
S0061,"Umm, going to the beach. When it stays light real late.","Tommy: What are you just some big, dumb, stupid, doofy idiot, with a doofy idiot hairdo, huh?! Tommy: Huh? Rachel: Whats your favourite thing about summertime?",neutral,reflective|content,reflective|content,neutral,dictionary_tie_break,0.6,Dictionary labels tied; used first generated emotion as tie-break.,false
S0064,"Well, I y'know, I was just, umm, I was just thinking and hoping, that umm, maybe youd want to get back together?",,fear,hopeful|nervous,hopeful|nervous,fear,hybrid_dictionary_plus_fallback,0.75,Dictionary majority vote over normalized emotion words.,false
S0063,"Well lets see, there was the guy with the ferrets, thats plural.","Ross: Hey. Chandler: Im never gonna find a roommate, ever. Phoebe: Why, nobody good?",disgust,reflective|amused,reflective|amused,neutral,dictionary_tie_break,0.6,Dictionary labels tied; used first generated emotion as tie-break.,false
S0065,What are you doing? We're going to a hospital.,"Ross: Monica, let's go. Come on now people, woman in labor. Chandler: Hey Ross, look what I've got going here. Ross: Yeah, save it for the cab, okay.",surprise,impatience|urgency,impatience|urgency,neutral,heuristic_llm_fallback,0.55,"Unresolved words: impatience, urgency; used text-level fallback.",false
S0066,"But we haven't seen each other since then. Well I land in China, guess who's in charge of the dig.",,surprise,surprise|curiosity,surprise|curiosity,surprise,dictionary,0.8500000000000001,Dictionary majority vote over normalized emotion words.,false
S0067,Have fun.,"Director: Aw come on Joey, it's easy. Director: Y'know, it's hand, hand, head, head,  up, pas de bouree, pas de bouree, big turn here, grand sissone, sissone, sissone, slide back, step, step, step, and jazz hands! Joey: It's ah, step-ity, step and jazz hands.",neutral,encouraging|supportive,encouraging|supportive,neutral,heuristic_llm_fallback,0.55,"Unresolved words: encouraging, supportive; used text-level fallback.",false
S0068,"Hey, hey, Yertle the Turtle. A classic.","Susan: Yes, I'm familiar with the concept. We can just look for it. Ross: Ok.  Wow, you guys sure have a lot of books about bein' a lesbian. Susan: Well, you know, you have to take a course. Otherwise, they don't let you do it.",joy,amused|playful,amused|playful,joy,dictionary,0.8500000000000001,Dictionary majority vote over normalized emotion words.,false
S0069,Someone on the subway licked my neck! Licked my neck!!,,disgust,shock|disgust,shock|disgust,surprise,dictionary_tie_break,0.6,Dictionary labels tied; used first generated emotion as tie-break.,false
S0070,"Oh, heres a great one.","Chandler: No, there are great pictures of you standing next to a guy whos going like this Phoebe: Oh my God! Thats the creep that youre with at the Chandler: I dont know what it is, I just cant take a good picture.",joy,excitement|anticipation,excitement|anticipation,joy,hybrid_dictionary_plus_fallback,0.75,Dictionary majority vote over normalized emotion words.,false
S0072,"Oh, what? What was it?","Phoebe Sr: Oh no, I-Im sorry, I guess we lost track of everybody after high school. Phoebe: Oh, okay. Well, so tell me everything about my parents. Everything. Phoebe Sr: Ohh, well. Y'know we were always together, in fact the had a nickname for the three of us.",surprise,curiosity|confusion,curiosity|confusion,surprise,dictionary,0.8500000000000001,Dictionary majority vote over normalized emotion words.,false
S0071,"Look, we have enough, just walk away.",Ross: Oh my god. Chandler: What? Ross: There's something new in the bowl.,fear,urgent|cautious,urgent|cautious,surprise,heuristic_llm_fallback,0.55,"Unresolved words: urgent, cautious; used text-level fallback.",false
S0073,Yknow what? You are right?!,"Monica: Hes not perfect, but umm, I think maybe I should just get it over with. Monica: Yknow, give him my flower. Rachel: Oh my God!! Do it!! Honey, youve waited",surprise,determination|hesitation,determination|hesitation,fear,hybrid_dictionary_plus_fallback,0.75,Dictionary majority vote over normalized emotion words.,false
S0074,Somebody seems to be missing being the hostess.,"Monica: Oh, I was thinking about having people over for the game. Joey: Oh yeah, whos playing? Monica: The players.",neutral,curious|concerned,curious|concerned,surprise,dictionary_tie_break,0.6,Dictionary labels tied; used first generated emotion as tie-break.,false
S0075,"Okay, okay, but Rachels gonna be here too, cant I just ask her this stuff?","Monica: Okay, if you need the vacuum, its in my closet on the left-hand side. Ah, the garbage bags are next to the refrigerator",neutral,hesitant|curious,hesitant|curious,fear,dictionary_tie_break,0.6,Dictionary labels tied; used first generated emotion as tie-break.,false
S0076,"Because youre still seeing him and uh, hes a good guy.",Chandler: Oh. Chandler: Oh right! Chandler: Right!,sadness,understanding|amused,understanding|amused,joy,hybrid_dictionary_plus_fallback,0.75,Dictionary majority vote over normalized emotion words.,false
S0078,What?,"Joey: I don't know. Rachel: You don't know anything. Joey: Ohh, I know one thing!",joy,confusion|curiosity,confusion|curiosity,surprise,dictionary,0.8500000000000001,Dictionary majority vote over normalized emotion words.,false
S0077,"Look, not that I enjoy talking about people who I went to high school with, cause I do, but umm, maybe we could talk about something else?","Chip: ...and then Zana, just let one rip!!",disgust,polite|reluctant,polite|reluctant,neutral,heuristic_llm_fallback,0.55,"Unresolved words: polite, reluctant; used text-level fallback.",false
S0080,This sounds like a hernia. You have toyou-youGo to the doctor!,"Joey: But um, I dont think its anything serious.",surprise,concern|urgency,concern|urgency,fear,hybrid_dictionary_plus_fallback,0.75,Dictionary majority vote over normalized emotion words.,false
S0079,"Well, maybe thats because youre closer to you. So you look bigger to you from where you are.","Joey: Ross-Ross-Ross-Ross! Stay away from that guy , and that guy . And that oneDude! Theyre all huge! Ross: They dont look any bigger than me!",anger,confident|playful,confident|playful,joy,hybrid_dictionary_plus_fallback,0.75,Dictionary majority vote over normalized emotion words.,false
S0082,Coming through!  Oh! Coming through!  Oh! Hello! Hi!  No! Right! Coming through!,,fear,urgent|alert,urgent|alert,surprise,heuristic_llm_fallback,0.55,"Unresolved words: urgent, alert; used text-level fallback.",false
S0081,"You guys, can we please not watch this all right.","Host: Welcome everybody, welcome to Amazing Discoveries! Phoebe: Oh, oh! It's on again!",disgust,annoyance|pleading,annoyance|pleading,anger,hybrid_dictionary_plus_fallback,0.75,Dictionary majority vote over normalized emotion words.,false
S0083,Oh!,"Phoebe: Coming through!  Oh! Coming through!  Oh! Hello! Hi!  No! Right! Coming through! Monica: Oh well, its not so bad. Fireman #1: Yeah, most of the damage is pretty mostly contained in the bedrooms.",surprise,surprise|alertness,surprise|alertness,surprise,hybrid_dictionary_plus_fallback,0.75,Dictionary majority vote over normalized emotion words.,false
S0084,Everythings ruined. My bed. My clothes. Look at my favorite blue sweater.,"Joey: Oh, how bad is it? Phoebe: Oh, its bad. Its really bad. The only thing in there that isnt burned is an ass. Which I do Chandler: Hows your room Rach?",sadness,distress|frustration,distress|frustration,anger,hybrid_dictionary_plus_fallback,0.75,Dictionary majority vote over normalized emotion words.,false
S0086,"Noo!  Oh, its okay, its okay, baby, baby, baby.","Joey: Sure. Chandler: See, I told you they dont swim. Joey: Wait. Give him a minute.",fear,reassuring|concerned,reassuring|concerned,fear,hybrid_dictionary_plus_fallback,0.75,Dictionary majority vote over normalized emotion words.,false
S0085,I'll sneak over as soon as Ross picks up Ben.,Monica: I can't wait to be with you!,neutral,anticipation|caution,anticipation|caution,surprise,heuristic_llm_fallback,0.55,"Unresolved words: anticipation, caution; used text-level fallback.",false
S0088,Shh!,"Dr. Oberman: Umm, I'm actually a first year resident, but I get that a lot, you see, I-I graduated early Phoebe: Uh-huh, me too. Ross, maybe I should've specified that I'd be needing a grown up doctor. Dr. Oberman: Oh no, I'm fully qualified to",anger,anticipation|caution,anticipation|caution,neutral,heuristic_llm_fallback,0.55,"Unresolved words: anticipation, caution; used text-level fallback.",false
S0087,"Well, its about time.","Ross: Hey! Chandler: Hi! Bye! Ross: Okay, Im done with my choices, these are final.",anger,impatience|resignation,impatience|resignation,neutral,heuristic_llm_fallback,0.55,"Unresolved words: impatience, resignation; used text-level fallback.",false
S0090,I ate a bug.,"Carol: No. But its okay, Ill just put out pickles or something. Phoebe: Ross, thank God. Ross: Pheebs? What, why are you whispering?",disgust,shock|humor,shock|humor,surprise,hybrid_dictionary_plus_fallback,0.75,Dictionary majority vote over normalized emotion words.,false
S0089,"I mean its pretty unbelievable y'know, I mean they just took off, took off without even looking back.",Ross: ....right? Ross: Right?,anger,amazement|bewilderment,amazement|bewilderment,neutral,heuristic_llm_fallback,0.55,"Unresolved words: amazement, bewilderment; used text-level fallback.",false
S0091,"Look, I-I-I am sorry that Rachel dumped you cause she fell in love with that Mark guy, and you are the innocent victim in all of this, but dont punish your friends for what Rachel did to you.","Carol: Listen, we both know youre gonna do it cause youre not a jerk. Carol: So you can either sulk here for a half hour and then go pick them up, or save us both time and sulk in the car. Ross: No, Rachel doesnt want me to....",neutral,sympathy|persuasion,sympathy|persuasion,neutral,heuristic_llm_fallback,0.55,"Unresolved words: sympathy, persuasion; used text-level fallback.",false
S0092,"Its just a healthy expression of female sexuality, which by the way, you will never understand.","Joey: Okay, look Im sorry, I went in there to take a nap and I know I shouldnt have, but you got porn! Rachel: Hey-hey, yknow what? Rachel: Theres nothing wrong with a woman enjoying a littleerotica.",anger,defensive|assertive,defensive|assertive,anger,dictionary,0.8500000000000001,Dictionary majority vote over normalized emotion words.,false
S0093,"Dad, please dont pick your teeth out here!",,disgust,annoyed|impatient,annoyed|impatient,anger,dictionary,0.8500000000000001,Dictionary majority vote over normalized emotion words.,false
S0094,It made me nuts.,"Joey: Hold it, hold it. Joey: I gotta side with Chandler on this one. Joey: When I first moved to the city, I went out a couple of times with this girl, really hot, great kisser, but she had the biggest Adam's apple.",disgust,frustration|annoyance,frustration|annoyance,anger,dictionary,0.8500000000000001,Dictionary majority vote over normalized emotion words.,false
S0095,"You gotta help me out here, you gotta set me up, you gotta get me back in the game.","Monica: And y'know what, I just realised, in the last year Ive only gone out with two guys, Richard and Julio.",fear,desperation|hopefulness,desperation|hopefulness,neutral,heuristic_llm_fallback,0.55,"Unresolved words: desperation, hopefulness; used text-level fallback.",false
S0096,"So, rocks.","Ross: I know I miss you too. I can't wait to see you. I love you. Bye. Chandler: Okay, what is in here? Rocks? Ross: No-no, this is my collection of fossil samples.",disgust,confusion|skepticism,confusion|skepticism,surprise,hybrid_dictionary_plus_fallback,0.75,Dictionary majority vote over normalized emotion words.,false
S0097,"Ohh. Hey, remember when I ran into this thing  and it kinda knocked me out a little?","Ross: No-no, this is my collection of fossil samples. Chandler: So, rocks. Ross: I'm really gonna miss this apartment. Y'know, Ben-Ben took his first steps right over there.",joy,nostalgic|reflective,nostalgic|reflective,sadness,dictionary_tie_break,0.6,Dictionary labels tied; used first generated emotion as tie-break.,false
S0098,"Youre going to a clinic, and a pyjama store!","Chandler: No-no! Chandler: No, no-n-n-n-no!! Chandler: You are going to a clinic!",disgust,confusion|frustration,confusion|frustration,surprise,dictionary_tie_break,0.6,Dictionary labels tied; used first generated emotion as tie-break.,false
S0099,Oh my God!  Go away!  Stop looking in here!,"Chandler: I want her to think I might be in a restaurant.. y'know? Chandler: I might have some kind of life, like I haven't been sitting around here honing for the past few hours. Monica: Look look! He's doing it again, the guy with the telescope!",anger,annoyance|frustration,annoyance|frustration,anger,dictionary,0.8500000000000001,Dictionary majority vote over normalized emotion words.,false
S0100,"Uh, well... Joey and I broke up.","Ross: Get Out! Charlie: Ross, can I talk to you for a minute? Ross: Yes, please!  So, what's going on?",sadness,sadness|hesitation,sadness|hesitation,sadness,dictionary_tie_break,0.6,Dictionary labels tied; used first generated emotion as tie-break.,false
S0102,"Yes, exactly!","Rachel: Okay! So, well just stay married.",joy,agreement|affirmation,agreement|affirmation,neutral,heuristic_llm_fallback,0.55,"Unresolved words: agreement, affirmation; used text-level fallback.",false
S0101,Or we could throw you both in,"Paleontologist: Ok Geller. Last day of the conference, you know what happens to the keynote speaker. Ross: Oh, professor Clerk we're kind of in the middle of a conversation, here. Charlie: Yeah, can you guys just throw him in the pool later?",joy,threatening|intimidating,threatening|intimidating,anger,dictionary,0.8500000000000001,Dictionary majority vote over normalized emotion words.,false
S0103,Really?,"Ross: Wow! This is so amazing. I uh, I really thought Id have to talk you into this more. Rachel: What-wh-what so well just stay married forever?! Ross: Okay, look, how is this gonna affect you?",anger,surprise|uncertainty,surprise|uncertainty,surprise,dictionary_tie_break,0.6,Dictionary labels tied; used first generated emotion as tie-break.,false
S0104,No!,"Joey: It can’t be me, I’m standing right here. Mr. Geller: Wanna peek?",disgust,shock|denial,shock|denial,surprise,hybrid_dictionary_plus_fallback,0.75,Dictionary majority vote over normalized emotion words.,false
S0105,Yknow how people just click?,Joanna: Chandler is fantastic!! Rachel: What?!,joy,curious|inquisitive,curious|inquisitive,surprise,hybrid_dictionary_plus_fallback,0.75,Dictionary majority vote over normalized emotion words.,false
S0106,"Like he came by to pick me up, and I opened the door, and it was just like, click!",Joanna: Chandler is fantastic!! Rachel: What?! Joanna: Yknow how people just click?,joy,surprise|joy,surprise|joy,surprise,dictionary_tie_break,0.6,Dictionary labels tied; used first generated emotion as tie-break.,false
S0107,"Oh yeah well, you know me, babies, responsibilities, ahhh!!!","Monica: Rach? What are you doing? Rachel: Oh boy, I just can't watch. It's too scary! Monica: It's a diaper commercial.",fear,annoyed|exasperated,annoyed|exasperated,anger,hybrid_dictionary_plus_fallback,0.75,Dictionary majority vote over normalized emotion words.,false
S0108,Yeah huh!! Cover yourself up!,"Joey: You said, you wanna come in for some lemonade? Monica: So?! Joey: Whoa, ah!! Were you just gonna give me some lemonade?",disgust,shock|disapproval,shock|disapproval,surprise,hybrid_dictionary_plus_fallback,0.75,Dictionary majority vote over normalized emotion words.,false
S0110,"We were walking by this antique store, and I saw this pin in the window, and I told him that it was just like one my grandmother had when I was a little girl.",Rachel: Oh...  Oh my God. He remembered. Phoebe: Remembered what? Rachel: It was like months ago.,sadness,nostalgia|surprise,nostalgia|surprise,sadness,dictionary_tie_break,0.6,Dictionary labels tied; used first generated emotion as tie-break.,false
S0109,"Oh, right, OK. Ole.","Duncan: I missed you.  I'm gonna get changed. Phoebe: OK. Duncan: Um, now. Phoebs.",neutral,acknowledgment|indifference,acknowledgment|indifference,neutral,hybrid_dictionary_plus_fallback,0.75,Dictionary majority vote over normalized emotion words.,false
S0111,F-hah.... flennin....,"Monica: I can't believe he did this. Chandler: Come on, Ross? Remember back in college, when he fell in love with Carol and bought her that ridiculously expensive crystal duck? Rachel: What did you just say?",fear,amused|mocking,amused|mocking,joy,hybrid_dictionary_plus_fallback,0.75,Dictionary majority vote over normalized emotion words.,false
S0112,I really like waking up with you.,,joy,affection|happiness,affection|happiness,neutral,heuristic_llm_fallback,0.55,"Unresolved words: affection, happiness; used text-level fallback.",false
S0114,Isabella Rosselini.,"Rachel: You freak. Ross: Thank you. Isabella: Um, coffee to go, please.",neutral,neutral|casual,neutral|casual,neutral,dictionary,0.8500000000000001,Dictionary majority vote over normalized emotion words.,false
S0113,Okay.,"Chandler: Oh yeah, that looks good. Phoebe: You guys make a Joey: Yeah, we look great together.",neutral,indifferent|neutral,indifferent|neutral,neutral,dictionary,0.8500000000000001,Dictionary majority vote over normalized emotion words.,false
S0116,"Yay!! Oh so, youre not, youre not mad at us anymore?","Rachel: How did it go with Erin? Joey: Oh, unbelievable! We had the best time!",joy,relief|joy,relief|joy,joy,dictionary,0.8500000000000001,Dictionary majority vote over normalized emotion words.,false
S0115,"Oh-oh, you lie.","Ross: Damn! I cant believe I took her off my list. Monica: Why? Cause otherwise youd go for it? Ross: Yeah, maybe.",disgust,skepticism|accusation,skepticism|accusation,neutral,heuristic_llm_fallback,0.55,"Unresolved words: skepticism, accusation; used text-level fallback.",false
S0117,No! He blew us off!,"Ross: Hey! So uh, was he excited about the tickets?",anger,frustration|disappointment,frustration|disappointment,anger,dictionary_tie_break,0.6,Dictionary labels tied; used first generated emotion as tie-break.,false
S0118,"Look, I  Look, Im having a great time with you and I just dont want us to move to fast or put to much pressure on us.","Elizabeth: Doorknob? Ross: Yeah, it kinda grows on you.  Actually, I wanted to finish talking to you about uh, spring vacation. Elizabeth: Oh good.",fear,cautious|affectionate,cautious|affectionate,joy,hybrid_dictionary_plus_fallback,0.75,Dictionary majority vote over normalized emotion words.,false
S0119,"So, Im sorry I just dont think we should go away together yet.","Ross: Yeah, it kinda grows on you.  Actually, I wanted to finish talking to you about uh, spring vacation. Elizabeth: Oh good. Ross: Look, I  Look, Im having a great time with you and I just dont want us to move to fast or put to much pressure on us.",sadness,apologetic|hesitant,apologetic|hesitant,sadness,dictionary_tie_break,0.6,Dictionary labels tied; used first generated emotion as tie-break.,false
S0120,"I got it! Hey, you get to sleep with her, I get the cramps.","Carol: Ow, ow, ow, ow, leg cramp, leg cramp, leg cramp. Ross: I got it. Susan: I got it.",anger,playful|teasing,playful|teasing,joy,hybrid_dictionary_plus_fallback,0.75,Dictionary majority vote over normalized emotion words.,false
S0122,"And it came out, ""Squatternut buash?""","Joey: Hey, I wasn't the only one who looked like an idiot. Joey: All right? Joey: Remember when Ross tried to say, ""Butternut squash?""",joy,amused|playful,amused|playful,joy,dictionary,0.8500000000000001,Dictionary majority vote over normalized emotion words.,false
S0121,You dont know how that happened?! Your dog thought my diaphragm was a chew toy!,"Mr. Geller: I remember when we first got engaged. Chandler: Oh, I dont think I ever heard that story. Mr. Geller: Well, Id gotten Judy pregnant. I still dont know how that happened.",disgust,surprise|frustration,surprise|frustration,surprise,dictionary_tie_break,0.6,Dictionary labels tied; used first generated emotion as tie-break.,false
S0123,"Yeah, yeah, you go talk to your friend. You tell him, ""Nice try.""","Tom: I'm sorry? Rachel: No, it's all right, you can just drop the act Tommy. Tom: I'm gonna go talk to uh, a friend.",disgust,skepticism|disapproval,skepticism|disapproval,neutral,heuristic_llm_fallback,0.55,"Unresolved words: skepticism, disapproval; used text-level fallback.",false
S0124,"Look, Pheebs, I just, I wanna apologize for, for saying that your method was stupid and-and maybe ask you to be my teacher again.","Phoebe: No, I can't talk to you! I don't have a fancy ad in the Yellow Pages!",sadness,apologetic|hopeful,apologetic|hopeful,sadness,hybrid_dictionary_plus_fallback,0.75,Dictionary majority vote over normalized emotion words.,false
S0125,Stop making candy!,The Woman: Thank you. Monica: Its unbelievable! I-I cant believe that sign didnt work! Chandler: Yknow what would work?,anger,annoyance|exasperation,annoyance|exasperation,anger,hybrid_dictionary_plus_fallback,0.75,Dictionary majority vote over normalized emotion words.,false
S0126,What? We could do it!,"Rachel: Uh, wait, so you guys are telling me you actually did the routine from eighth grade? Monica: Yeah. But of course we had to update it a little bit.  Hey, by the way, great thinking about catching me! Rachel: Cos I was gonna say theres no way you couldve done the end the way you guys did it back then!",surprise,surprise|excitement,surprise|excitement,surprise,dictionary_tie_break,0.6,Dictionary labels tied; used first generated emotion as tie-break.,false
S0127,"Why would you ruin it, who was that hurtin'?","Phoebe: Ok, that'll be great! Joey: Oh, ain't that nice? The three of you trying on slutty lingerie together. Rachel: That's not what we're gonna do!",disgust,confusion|disapproval,confusion|disapproval,surprise,hybrid_dictionary_plus_fallback,0.75,Dictionary majority vote over normalized emotion words.,false
S0128,"Well I, I don't know. Why?","Dr. Baldhara: Does he, uh, fight with other animals? Ross: No-no, he's, he's very docile. Dr. Baldhara: Even if he were... cornered?",neutral,confusion|uncertainty,confusion|uncertainty,surprise,dictionary_tie_break,0.6,Dictionary labels tied; used first generated emotion as tie-break.,false
S0130,I cant watch!,"Joey: All right, I know! I know. Yeah, itll be okay. Rachel: Oh my God.Whats he gonna do now?",fear,distressed|anxious,distressed|anxious,fear,hybrid_dictionary_plus_fallback,0.75,Dictionary majority vote over normalized emotion words.,false
S0129,"Because with seahorses its the male, they carry the babies.","Rachel: You. Like you havent done enough. Ross: Look, I-I know how miserable you are, I wish there was something I can do. Ross: I mean I wish I were a seahorse.",neutral,reflective|explanatory,reflective|explanatory,neutral,hybrid_dictionary_plus_fallback,0.75,Dictionary majority vote over normalized emotion words.,false
S0131,"Seriously, how can you watch this?",Rachel: Oh my God.Whats he gonna do now? Rachel: I cant watch! Rachel: Oh.,sadness,shock|disgust,shock|disgust,surprise,dictionary_tie_break,0.6,Dictionary labels tied; used first generated emotion as tie-break.,false
S0132,"Yeah, she clamed she had to go out of town suddenly.","Joey: Whats the matter, Pheebs? Phoebe: She cancelled! My namesake cancelled on me! Joey: What?!",sadness,disappointment|frustration,disappointment|frustration,sadness,dictionary_tie_break,0.6,Dictionary labels tied; used first generated emotion as tie-break.,false
S0134,"Come here to me. No-no, you come here to me.",,neutral,urgent|demanding,urgent|demanding,neutral,heuristic_llm_fallback,0.55,"Unresolved words: urgent, demanding; used text-level fallback.",false
S0133,"Really?  My God, hes really cute.",Phoebe: Oh my God! That guy at the counter is totally checking you out!,surprise,surprise|admiration,surprise|admiration,surprise,hybrid_dictionary_plus_fallback,0.75,Dictionary majority vote over normalized emotion words.,false
S0136,No!,"Phoebe: How could you pick up a hitchhiker?! He could be a rape, a rapist or a killer or something! Joey: Dont you think I asked him that before he got in?! Phoebe: Yknow what? Im not talking to you! You go back to sleep!  And you, are you a rapist?!",anger,defensive|alarmed,defensive|alarmed,anger,dictionary_tie_break,0.6,Dictionary labels tied; used first generated emotion as tie-break.,false
S0135,"How could you pick up a hitchhiker?! He could be a rape, a rapist or a killer or something!",,fear,shock|alarm,shock|alarm,surprise,dictionary_tie_break,0.6,Dictionary labels tied; used first generated emotion as tie-break.,false
S0137,How rude.,"Chandler: Oh all right. Ross: Oh perfect, we were just gonna see if you wanted to go. Chandler: Oh well, we dont because we gottheother pl-place.",disgust,disappointment|annoyance,disappointment|annoyance,sadness,dictionary_tie_break,0.6,Dictionary labels tied; used first generated emotion as tie-break.,false
S0138,"Oh no, no-no-no-no! I don't want to know!","Rachel: Okay. Okay. Okay. Joey, I have Joey: What-what is it, what is it? Rachel: Oh my God, it's so huge, but you just have to promise me that you cannot tell anyone.",fear,fear|resistance,fear|resistance,surprise,heuristic_llm_fallback,0.55,"Unresolved words: fear, resistance; used text-level fallback.",false
S0140,"I know, butcome on, man, she's needy, she's vulnerable.","Joey: The only reason she's goin' out with me is because I said I could bring a friend for her friend. Chandler: Yes, I know, but her friend sounds like such a... Joey: Pathetic mess?",neutral,frustrated|defensive,frustrated|defensive,anger,dictionary,0.8500000000000001,Dictionary majority vote over normalized emotion words.,false
S0139,And you're not supposed to be gossiping!!,"Rachel: Yes! Yes! Yes, you do want to know! This is unbelievable! Joey: I don't care, Rach! Look, I am tired of being the guy who knows all the secrets but can't tell anyone! Rachel: What? What secrets? You know secrets? What are they?",disgust,anger|frustration,anger|frustration,anger,dictionary,0.8500000000000001,Dictionary majority vote over normalized emotion words.,false
S0142,"Well, she graduated from high school!","Phoebe: ThatIts not the same thing! This is Joey: Okay, well my girl from the other night was special. She was a scientist too! Phoebe: She was?",anger,surprise|interest,surprise|interest,surprise,hybrid_dictionary_plus_fallback,0.75,Dictionary majority vote over normalized emotion words.,false
S0141,"No look, I-Im sure that people know you exist!",,sadness,uncertainty|hesitation,uncertainty|hesitation,fear,dictionary,0.8500000000000001,Dictionary majority vote over normalized emotion words.,false
S0143,"So Ross, what your problem?","Ross: It-its great to meet you Paul. Paul: I usually prefer Elizabeths boyfriends to address me as Mr. Stevens. Ross: Of course, of course, Mr. Stevens.",anger,curious|inquisitive,curious|inquisitive,surprise,hybrid_dictionary_plus_fallback,0.75,Dictionary majority vote over normalized emotion words.,false
S0144,Thats funny. Umm.  Its not funny.,"Paul: So Ross, what your problem? Ross: Eh-whExcuse me? Paul: Why cant you get a girlfriend your own age?",fear,confusion|hesitation,confusion|hesitation,surprise,dictionary_tie_break,0.6,Dictionary labels tied; used first generated emotion as tie-break.,false
S0146,"I know you cant stand to be in the same room as me, so I just thought Id try and apologize over the phone.","Joey: Hello. Chandler: Hey, its me.",sadness,apologetic|resigned,apologetic|resigned,sadness,hybrid_dictionary_plus_fallback,0.75,Dictionary majority vote over normalized emotion words.,false
S0145,"Y'know what, I want to talk to you about this so much, but we should probably do it when we could really get into it, are you free for dinner tomorrow night?","Ross: Cause you know love lasts forever, y'know. Ross: Nothing like it in this lifetime, money in the bank, so Rachel and I broke up. Carol: Oh God, Ross I am so sorry.",neutral,concerned|empathetic,concerned|empathetic,fear,hybrid_dictionary_plus_fallback,0.75,Dictionary majority vote over normalized emotion words.,false
S0148,We didnt have sex.,"Eric: Uh, the sex. Phoebe: What sex? Eric: Our sex.",surprise,playful|amused,playful|amused,joy,dictionary,0.8500000000000001,Dictionary majority vote over normalized emotion words.,false
S0147,Guys?,"Ross: You have to tell her! Ross: You have to tell her! Ross: It's your moral obligation, as a friend, as a woman, I think it's a feminist issue!",anger,urgent|persuasive,urgent|persuasive,neutral,heuristic_llm_fallback,0.55,"Unresolved words: urgent, persuasive; used text-level fallback.",false
S0149,Ew! Ew! Ew! Ew! Ew! Ew!,"Eric: Our sex. Phoebe: We didnt have sex. Eric: Well if I didnt have sex with you, I had sex with someone that looked an awful lot like",disgust,disgust|annoyance,disgust|annoyance,disgust,dictionary_tie_break,0.6,Dictionary labels tied; used first generated emotion as tie-break.,false
S0150,"Oh, come on!","Ross: When did I say you were boring?! Phoebe: Oh my God, I remember now! We were playing chess! Ross: Phoebe! You and I have",joy,annoyance|amusement,annoyance|amusement,anger,dictionary_tie_break,0.6,Dictionary labels tied; used first generated emotion as tie-break.,false
S0152,"No, I mean it. There are so few genuinely nice guys out there.","Ross: Oh, thank you. Mona: That is so sweet! Joey: Yeah.",anger,appreciation|wistfulness,appreciation|wistfulness,neutral,heuristic_llm_fallback,0.55,"Unresolved words: appreciation, wistfulness; used text-level fallback.",false
S0151,Because Im not going to spend one more day with someone whose out to sabotage my every move.,"Jill: All right, Im leaving!",anger,anger|determination,anger|determination,anger,hybrid_dictionary_plus_fallback,0.75,Dictionary majority vote over normalized emotion words.,false
S0154,"Mon, look at yourself. You have cookie on your neck.","Monica: No, just, just, just a couple more boxes. Monica: It-it-its no big deal, all right, Im-Im cool. Monica: You gotta help me out with a couple more boxes!",disgust,amused|critical,amused|critical,joy,hybrid_dictionary_plus_fallback,0.75,Dictionary majority vote over normalized emotion words.,false
S0153,"Listen uh, could you put Kathy on, I wanna apologize.","Joey: Yeah, it mustve fallen out a few blocks back. I just figured we hit a dog. Chandler: Okay.",sadness,apologetic|urgent,apologetic|urgent,sadness,hybrid_dictionary_plus_fallback,0.75,Dictionary majority vote over normalized emotion words.,false
S0156,Let me think. Let me thinkOh! I dont care.,"Ross: Yknow what? Youre just upset because youre losing. Chandler: Oh come on Ross, I think were all losers here. Joey: All right. Chandler, you can either spin the wheel or pick a Google card.",anger,indifferent|frustrated,indifferent|frustrated,neutral,dictionary_tie_break,0.6,Dictionary labels tied; used first generated emotion as tie-break.,false
S0155,Score! Where are the disposable cameras?,Ross: Why not? Its built into the price of the room. Chandler: Yeah but you dont needWhat is this? Ross: Thread!,joy,excited|curious,excited|curious,joy,dictionary_tie_break,0.6,Dictionary labels tied; used first generated emotion as tie-break.,false
S0157,"Aww, is it broken?",Rachel: I didn't know there were docks. Joey: Hey. Chandler: Hey.,sadness,concern|curiosity,concern|curiosity,fear,dictionary_tie_break,0.6,Dictionary labels tied; used first generated emotion as tie-break.,false
S0158,Oh thats five Ross. Five women have had five babies! And I have had no babies! Why doesnt she want to come out?,,sadness,frustration|envy|concern,frustration|envy|concern,anger,hybrid_tie_break,0.6,Dictionary labels tied; used first generated emotion as tie-break.,false
S0159,"Im, Im sorry you didnt get to go to Spacecamp, and Im hoping that maybe somehow, this may make up for it.",,sadness,sympathy|hopefulness,sympathy|hopefulness,neutral,heuristic_llm_fallback,0.55,"Unresolved words: sympathy, hopefulness; used text-level fallback.",false
S0160,Intense and creepy.,Phoebe: They don't see all the good stuff and all the sweet stuff. Phoebe: They just think you're a little... Roger: What?,neutral,intense|creepy,intense|creepy,neutral,heuristic_llm_fallback,0.55,"Unresolved words: intense, creepy; used text-level fallback.",false
S0162,Youre Erwins daughter?!,"Phoebe: Are you ah, Phoebe Abott? Phoebe Sr: Ahh, yes. Phoebe: Hi Phoebe Abott, Im your best friends daughter!",surprise,surprise|curiosity,surprise|curiosity,surprise,dictionary,0.8500000000000001,Dictionary majority vote over normalized emotion words.,false
S0161,You sure?,Mark: Right here! Rachel: Oh God. Im sorry about this. Mark: Thats okay.,joy,uncertainty|caution,uncertainty|caution,fear,hybrid_dictionary_plus_fallback,0.75,Dictionary majority vote over normalized emotion words.,false
S0164,"If we broke up, and I lost you...","Ross: Look, I-I've been in love with you since, like, the ninth grade. Rachel: Ross, you're like my best friend. Ross: I know.",fear,fear|desperation,fear|desperation,neutral,heuristic_llm_fallback,0.55,"Unresolved words: fear, desperation; used text-level fallback.",false
S0163,Maybe she can give me a pill or something.,"Rachel: Ah. Phoebe: Yeah. Rachel: I go see my doctor tomorrow, Ill ask her about this.",neutral,concerned|hopeful,concerned|hopeful,fear,hybrid_dictionary_plus_fallback,0.75,Dictionary majority vote over normalized emotion words.,false
S0166,"...DUMB, DRUNKEN, BITCH!!!   Thank you, thanks.",,anger,anger|mockery,anger|mockery,anger,hybrid_dictionary_plus_fallback,0.75,Dictionary majority vote over normalized emotion words.,false
S0165,Thank God.,"Ross: Hello?  No she cant come to the phone right now.  Oh, right no problem. Okay, bye-bye. Phoebe: Was it my work? Were they mad? Was it Jack? Did he yell?! Ross: J-j-just relax, nobody yelled. Jack just was calling to make sure that",joy,relief|anxiety,relief|anxiety,joy,dictionary_tie_break,0.6,Dictionary labels tied; used first generated emotion as tie-break.,false
S0168,"OK, is there a mute button on this woman?","Rachel: I mean, this is unbelievable. Phoebe: I know. This is really, really huge. Chandler: No it's not. It's small. It's tiny. It's petite. It's wee.",disgust,frustration|exasperation,frustration|exasperation,anger,hybrid_dictionary_plus_fallback,0.75,Dictionary majority vote over normalized emotion words.,false
S0167,No it's not. It's small. It's tiny. It's petite. It's wee.,"Rachel: I mean, this is unbelievable. Phoebe: I know. This is really, really huge.",neutral,defensive|exaggerated,defensive|exaggerated,anger,hybrid_dictionary_plus_fallback,0.75,Dictionary majority vote over normalized emotion words.,false
S0170,Mazel tov!,"Monica: I'm only 26, I'm not even thinking about babies yet. Chandler: Where have you been? Joey: Oh, just had a baby.",joy,sarcastic|amused,sarcastic|amused,joy,hybrid_dictionary_plus_fallback,0.75,Dictionary majority vote over normalized emotion words.,false
S0169,Look confident.,"Joey: I can tell her how I feel. Joey: Just uh, just stand up straight. Joey: Take a couple deep breaths.",fear,determined|nervous,determined|nervous,fear,hybrid_dictionary_plus_fallback,0.75,Dictionary majority vote over normalized emotion words.,false
S0172,"Wait until uh, wait until the first time your baby grabs your finger.","Ross: Yeah I know. Ross: On the other hand in um, in about seven months youre gonna have something that youre gonna love more than any guy youve ever gone out with. Ross: Just wait.",joy,anticipation|reflection,anticipation|reflection,surprise,heuristic_llm_fallback,0.55,"Unresolved words: anticipation, reflection; used text-level fallback.",false
S0171,"Yeah, all of us! All day!","Joey: All right, well, we felt really bad about that so we decided we should all take a little trip together! Phoebe: Ohh, that's so nice! How great! Well, where? Where's the trip?! Monica: Well, we thought we would all go to a picnic , in Central Park!",joy,excited|enthusiastic,excited|enthusiastic,joy,hybrid_dictionary_plus_fallback,0.75,Dictionary majority vote over normalized emotion words.,false
S0173,"This is such a great party! 35 years. Very impressive, do you guys have any pearls of wisdom?",Mrs. Geller: Hi Ross: Hi!  Hey mom.,joy,joy|admiration,joy|admiration,joy,hybrid_dictionary_plus_fallback,0.75,Dictionary majority vote over normalized emotion words.,false
S0174,Thank youwere so excited,"Mr. Geller: Why would you serve food on such a sharp stick? Ross: Thats a good question, dad. Thats a good question an: Congratulations you two!",joy,gratitude|joy,gratitude|joy,joy,dictionary,0.8500000000000001,Dictionary majority vote over normalized emotion words.,false
S0175,Lets get the show on it!,,joy,enthusiastic|energetic,enthusiastic|energetic,neutral,heuristic_llm_fallback,0.55,"Unresolved words: enthusiastic, energetic; used text-level fallback.",false
S0176,Youre our age!,"Joey: Oh, and Mississ-Pete is? Pete: I got to go, so ah, Ill see you guys later. All: Okay.",surprise,surprise|curiosity,surprise|curiosity,surprise,dictionary,0.8500000000000001,Dictionary majority vote over normalized emotion words.,false
S0177,"""Oh my God, I cant find a boyfriend!","Rachel: ""Im Monica, I dont get phone messages from interesting people. Ever!"" Phoebe: Hey! I call her! Monica: ""Oh my God, I love Ross! I hate Ross! I love Ross! I hate Ross!""",anger,frustration|desperation,frustration|desperation,anger,hybrid_dictionary_plus_fallback,0.75,Dictionary majority vote over normalized emotion words.,false
S0178,"Yes it is! From now on, I have no first name.","Joey: Dude, I am sorry about what I said! Chandler: No, no, youre right, it is a ridiculous name! Joey: Its not that bad.",anger,defensive|resigned,defensive|resigned,anger,hybrid_dictionary_plus_fallback,0.75,Dictionary majority vote over normalized emotion words.,false
S0180,"Yeah, that'd be great. I'd love it.","Julie: Oy. Rachel: Um, ok, uh, oh god, um, when you and uh Ross first started going out, it was really hard for me, um, for many reasons, which I'm not gonna bore you with now, but um, I just, I see how happy he is, you know, and how good you guys are together, and um, Monica's always saying how nice you are, and god I hate it when she's right. Julie: Thanks. Hey, listen, would you like to go to a movie sometime or something?",joy,grateful|happy,grateful|happy,joy,dictionary,0.8500000000000001,Dictionary majority vote over normalized emotion words.,false
S0179,"Ok, look! Enough is enough!","Mike: Ok, so it's a tie again, 41 to 41.",anger,frustration|exhaustion,frustration|exhaustion,anger,hybrid_dictionary_plus_fallback,0.75,Dictionary majority vote over normalized emotion words.,false
S0181,"Are you serious?! Chandler, we ate an entire cheesecake two days ago and you want more?","Chandler: Another cheesecake came! They delivered it to the wrong address again! Rachel: So just bring it back downstairs, whats the problem? Chandler: I cant seem to say goodbye.",surprise,frustration|exasperation,frustration|exasperation,anger,hybrid_dictionary_plus_fallback,0.75,Dictionary majority vote over normalized emotion words.,false
S0182,"No I know, because to be a grandmother you have to be married and have children and I dont have any of those things.","Chandler: No-no-no-no! That was the joke! Rachel: No, I know! I get it! Its funny! Chandler: No, because youre not a grandmother!",sadness,disappointed|reflective,disappointed|reflective,sadness,dictionary_tie_break,0.6,Dictionary labels tied; used first generated emotion as tie-break.,false
S0184,"No, I dont think well be doing that.",,disgust,doubtful|resigned,doubtful|resigned,neutral,heuristic_llm_fallback,0.55,"Unresolved words: doubtful, resigned; used text-level fallback.",false
S0183,You ordered a stripper for the shower?! That is totally inappropriate!,"Phoebe: Oh, I told the stripper to be here at five. Thats good right?",anger,shock|disapproval,shock|disapproval,surprise,hybrid_dictionary_plus_fallback,0.75,Dictionary majority vote over normalized emotion words.,false
S0186,The Mr. Bowmonts here!!!,Monica: Why?! To celebrate your relationship! To solidify your commitment! To declare your love for one another to the world! Chandler: Eh Monica: Okay well thats good to know.,joy,surprise|excitement,surprise|excitement,surprise,dictionary_tie_break,0.6,Dictionary labels tied; used first generated emotion as tie-break.,false
S0185,What?! Oh my...  Oh my God!! What happened?!,Ross: Yeah. Phoebe: Hey! Monica: I tried to reach you at work. Theres....been a fire.,surprise,shock|concern,shock|concern,surprise,dictionary_tie_break,0.6,Dictionary labels tied; used first generated emotion as tie-break.,false
S0188,"The next time you want to dump a fire alarm in a trash chute, dont wrap it in a blanket that says, ""Property of Phoebe Buffay not Monica.""",Phoebe: Thats not mine. The Fireman: Yes it is. Phoebe: How do you know?,disgust,assertive|amused,assertive|amused,anger,dictionary_tie_break,0.6,Dictionary labels tied; used first generated emotion as tie-break.,false
S0187,How do you know?,The Fireman: We found your fire alarm in the trash chute. Phoebe: Thats not mine. The Fireman: Yes it is.,fear,confusion|defensiveness,confusion|defensiveness,surprise,hybrid_dictionary_plus_fallback,0.75,Dictionary majority vote over normalized emotion words.,false
S0189,Hi.,Rachel: Remember when we went to Central Park and rented boats?.. That was fun. Ross: Yeah. He could row like a viking.,neutral,greeting|smiling,greeting|smiling,neutral,hybrid_dictionary_plus_fallback,0.75,Dictionary majority vote over normalized emotion words.,false
S0190,Yeah. What-what should I do?,"Ross: I mean technically its-its not against the rules or anything, but it is frowned upon. Ross: Especially by that professor we ran into last night, Judgey von Holierthanthou. Monica: Well Ross, you be careful now. You dont want to get a reputation as yknow Professor McNailshisstudents.",fear,confusion|uncertainty,confusion|uncertainty,surprise,dictionary_tie_break,0.6,Dictionary labels tied; used first generated emotion as tie-break.,false
S0191,"Come on man, you-you got to give me a second chance!","Joey: Umm, all right Wayne, level with me. Joey: I-I keep hearing all these rumors that I might get fired. Joey: Okay, they even have actors coming in to read for my part!",sadness,desperation|hopefulness,desperation|hopefulness,surprise,heuristic_llm_fallback,0.55,"Unresolved words: desperation, hopefulness; used text-level fallback.",false
S0192,Wo-women? You mean like old women?,Tag: Oh yeah! We went to the Knicks game. Rachel: Ohh thats nice. Tag: Then we went to this bar and he hooked us up with all these women!,disgust,confusion|disapproval,confusion|disapproval,surprise,hybrid_dictionary_plus_fallback,0.75,Dictionary majority vote over normalized emotion words.,false
S0193,"Your good heart Rach,  and, and....","Ross: Look, look, theres got to be a way we can work past this. Ross: Okay,  I cant imagine, I cant imagine my life without you. Ross: Without, without these arms, and your face, and this heart.",sadness,affection|intimacy,affection|intimacy,neutral,heuristic_llm_fallback,0.55,"Unresolved words: affection, intimacy; used text-level fallback.",false
S0194,"I cant, youre a totally different person to me now.","Ross: Without, without these arms, and your face, and this heart. Ross: Your good heart Rach,  and, and.... Rachel: No.",sadness,sadness|disappointment,sadness|disappointment,sadness,dictionary,0.8500000000000001,Dictionary majority vote over normalized emotion words.,false
S0196,She-she thinks that youre just using me.,"Ross: Good-bye. Ross: Whoa! Ross: Uh, that was your sister actually.",neutral,confusion|defensiveness,confusion|defensiveness,surprise,hybrid_dictionary_plus_fallback,0.75,Dictionary majority vote over normalized emotion words.,false
S0195,There will come a time in each of your careers when youll have a chance to screw over another soap opera actor.,,neutral,confident|contemplative,confident|contemplative,neutral,heuristic_llm_fallback,0.55,"Unresolved words: confident, contemplative; used text-level fallback.",false
S0198,Im sorry.,"Ross: All right, Im-Im not English. Ross: Im from Long Island. Ross: I was really nervous and the accent just uh, just came out.",sadness,apologetic|nervous,apologetic|nervous,sadness,dictionary_tie_break,0.6,Dictionary labels tied; used first generated emotion as tie-break.,false
S0197,What?!,"Phoebe: Im sorry. Phoebe Sr: What are you doing here?! Phoebe: I-I, came to fill your ice cube trays.",surprise,surprise|confusion,surprise|confusion,surprise,dictionary,0.8500000000000001,Dictionary majority vote over normalized emotion words.,false
S0200,Nah!,"Carol: Like what? Ross: Well I dont know umm,  what if we were too tie each other up? Ross: Umm, some people eat stuff off one another.",disgust,dismissive|playful,dismissive|playful,joy,hybrid_dictionary_plus_fallback,0.75,Dictionary majority vote over normalized emotion words.,false
S0199,"Seriously, our sex life I was thinking, maybe I dont know, we could try some-some new things.",Ross: Yay! Ben: Yay! Ross: Yay!,neutral,tentative|curious,tentative|curious,surprise,hybrid_dictionary_plus_fallback,0.75,Dictionary majority vote over normalized emotion words.,false
S0201,"What, Phoebe, did you whip the potatoes? Ross needs lumps!",,anger,curiosity|concern,curiosity|concern,surprise,dictionary_tie_break,0.6,Dictionary labels tied; used first generated emotion as tie-break.,false
S0202,"Nice to meet you. I wish you'd told me we were having company, I'd fix myself up!","Rachel: You're sister? You're sister's asleep on the couch?  Ohhh! I saw Danny: Oh hey, great, you're up. Rachel, this is my sister Krista. Krista, this is Rachel. Rachel: Hi!",surprise,apologetic|embarrassed,apologetic|embarrassed,sadness,hybrid_dictionary_plus_fallback,0.75,Dictionary majority vote over normalized emotion words.,false
S0204,"I dont see it.  You are dancing with the tall guy over there. Tall guy, raise your hand!","Joey: Uh-huh. Director: Okay, youre dancing with that girl over there. Joey: No-no-no-no-no we came together!",neutral,assertive|directing,assertive|directing,anger,hybrid_dictionary_plus_fallback,0.75,Dictionary majority vote over normalized emotion words.,false
S0203,What do you mean?,"Janine: Hey! Youre a good dancer! Joey: Really? Janine: Yeah, well youd be better if you just loosened your hips a little.",neutral,confusion|curiosity,confusion|curiosity,surprise,dictionary,0.8500000000000001,Dictionary majority vote over normalized emotion words.,false
S0206,Yes.  Youre not asking are you?,"Monica: What if I asked? Rachel: Oh, Mon, sure. Monica: Really?",surprise,skepticism|caution,skepticism|caution,neutral,heuristic_llm_fallback,0.55,"Unresolved words: skepticism, caution; used text-level fallback.",false
S0205,"Then I look down, and I realize there's a phone... there.","Chandler: Alright, so I'm back in high school, I'm standing in the middle of the cafeteria, and I realize I am totally naked. All: Oh, yeah. Had that dream.",surprise,realization|surprise,realization|surprise,surprise,hybrid_dictionary_plus_fallback,0.75,Dictionary majority vote over normalized emotion words.,false
S0207,"Og-ee-op, Im not asking for me, Im I mean No, Im-Im not gay, Im not asking you out.",Chandler: Are you seeing anybody right now?,fear,confusion|hesitation,confusion|hesitation,surprise,dictionary_tie_break,0.6,Dictionary labels tied; used first generated emotion as tie-break.,false
S0208,Oh fine.,"Monica: You wanna go right now? 'Cause I'll take you right now, buddy! You wanna go?",neutral,resigned|reluctant,resigned|reluctant,neutral,heuristic_llm_fallback,0.55,"Unresolved words: resigned, reluctant; used text-level fallback.",false
S0210,My foot is stuck in the pocket.,"Ross: Wait, wait, wait, wait, wait. Phoebe: Okay, its okay. Ross: Wait, wait, wait.",sadness,frustration|humor,frustration|humor,anger,hybrid_dictionary_plus_fallback,0.75,Dictionary majority vote over normalized emotion words.,false
S0209,Say it!,"Rachel: Oh, of course! Phoebe: Chuck Woolery? Rachel: Definitely! Phoebe, you will not find a single game show host, whos ass I cannot kick.",joy,assertive|challenging,assertive|challenging,anger,dictionary,0.8500000000000001,Dictionary majority vote over normalized emotion words.,false
S0212,You two will have very hairy children.,"Ross: Okay, look, I-I know what you guys are going to say",disgust,sarcastic|amused,sarcastic|amused,joy,hybrid_dictionary_plus_fallback,0.75,Dictionary majority vote over normalized emotion words.,false
S0211,"Oh, stop beating yourself up!",Chandler: I cant believe I did this! What an idiot!,sadness,reassuring|supportive,reassuring|supportive,neutral,heuristic_llm_fallback,0.55,"Unresolved words: reassuring, supportive; used text-level fallback.",false
S0213,You don't think they'll judge and ridicule me?,"Julie: Oh, thanks, sweetie. Ross: No problem. I cannot wait for you to meet my friends. Julie: Really?",fear,anxiety|uncertainty,anxiety|uncertainty,fear,dictionary,0.8500000000000001,Dictionary majority vote over normalized emotion words.,false
S0214,"Ye-ye-yeah, yes I do!","Doug: Youre not feeling left out or anything are ya? Chandler: No. No, not at all, thats-thats ridiculous. Doug: Everybody else got one, and you want one too. Dont you?",sadness,excitement|enthusiasm,excitement|enthusiasm,joy,hybrid_dictionary_plus_fallback,0.75,Dictionary majority vote over normalized emotion words.,false
S0215,"Now get on out of here, you!","Chandler: No. No, not at all, thats-thats ridiculous. Doug: Everybody else got one, and you want one too. Dont you? Chandler: Ye-ye-yeah, yes I do!",joy,aggressive|assertive,aggressive|assertive,anger,hybrid_dictionary_plus_fallback,0.75,Dictionary majority vote over normalized emotion words.,false
S0216,"Oh, well, thanks, but, I'm okay, really.","Rachel: Nooo! Rachel: Hello? Rachel: Oh, yeah, no, I know, I-I haven't been using it much.",joy,relieved|apologetic,relieved|apologetic,joy,dictionary_tie_break,0.6,Dictionary labels tied; used first generated emotion as tie-break.,false
S0218,"I mean, what the hell is that thing?","Chandler: Like Joey's constant knuckle-cracking isn't annoying? Chandler: And Ross, with his over-pronouncing every single word? Chandler: And Monica, with that snort when she laughs?",disgust,confusion|frustration,confusion|frustration,surprise,dictionary_tie_break,0.6,Dictionary labels tied; used first generated emotion as tie-break.,false
S0217,Yes! Great! Give me those cigs! Give it! Give it!,"Rachel: We can get--what are those--those patches! Rachel: We could be like the Patch Sisters! Kim: Oh y'know, we really should quit. Okay, let's quit!",joy,eager|impatient,eager|impatient,anger,hybrid_dictionary_plus_fallback,0.75,Dictionary majority vote over normalized emotion words.,false
S0219,You gotta take care of yourselves!,"Phoebe: Yeah, uh-huh. Phoebe: Yeah, oh, ""Your mom probably won't kill herself,"" yknow? Phoebe: I'm sorry, but I'm not hanging all my hopes of Rachel and I living together on-on ""Probably!""",neutral,concern|advice,concern|advice,fear,hybrid_dictionary_plus_fallback,0.75,Dictionary majority vote over normalized emotion words.,false
S0220,"Oh well thats what I thought about my first husband, now Im lucky if my kid gets to spend the weekend with her father and the twins and little Ms. New Boobs.","Rachel: Well then he gets a divorce, its Ross! Janice: Im telling you Rachel, listen to Janice. They all say theyre gonna be there until they start their real family. Rachel: Well IThats never gonna happen with Ross.",disgust,frustration|resignation,frustration|resignation,anger,hybrid_dictionary_plus_fallback,0.75,Dictionary majority vote over normalized emotion words.,false
S0221,"So you might say, its a magic ring.","Ross: That ring? When my grandmother first came to this country, that ring and the clothes on her back were all she had with her. Chandler: So you might say, the ring is irreplaceable? Ross: Oh absolutely! It has been in my family for generations, and every bride who has worn it has had a long and happy life.",joy,reflective|thoughtful,reflective|thoughtful,neutral,hybrid_dictionary_plus_fallback,0.75,Dictionary majority vote over normalized emotion words.,false
S0222,"Well, I-I said yes.",Monica: Is he crazy?! You just had Ross’s baby!,fear,hesitant|uncertain,hesitant|uncertain,fear,dictionary,0.8500000000000001,Dictionary majority vote over normalized emotion words.,false
S0224,Well then we still have a problem.,"Chandler: Sorry, I just dont like the idea of when I say ""I do,"" hes thinking, ""Yeah, Id do her too!""",neutral,concerned|frustrated,concerned|frustrated,fear,dictionary_tie_break,0.6,Dictionary labels tied; used first generated emotion as tie-break.,false
S0223,Oh my God Monica!,Phoebe: So-so you two were married huh? What happened? You just drift apart? Mrs. Geller: Here comes the bride.,surprise,surprise|admiration,surprise|admiration,surprise,hybrid_dictionary_plus_fallback,0.75,Dictionary majority vote over normalized emotion words.,false
S0225,"Well, Chandler and I are in a bar",Monica: What happened in Atlantic City?!,neutral,casual|engaged,casual|engaged,neutral,dictionary,0.8500000000000001,Dictionary majority vote over normalized emotion words.,false
S0226,You think?,"Ross: He could never get a woman like that in a million years. Phoebe: Oh, oh, but y'know, you always see these really beautiful women with these really nothing guys, you could be one of those guys. Monica: You could do that!",surprise,skepticism|curiosity,skepticism|curiosity,surprise,hybrid_dictionary_plus_fallback,0.75,Dictionary majority vote over normalized emotion words.,false
S0228,I thought they could...I'll try to get back as soon as I can. I'm sorry.,"Ross: So, um, what do you do for a living? Kristin: Well, um, for the past few years I've been working.....which is funny because, that wasn't even my major. Carol: Oh no. I thought you said they could shoot the spot without you.",sadness,apologetic|resigned,apologetic|resigned,sadness,hybrid_dictionary_plus_fallback,0.75,Dictionary majority vote over normalized emotion words.,false
S0227,Wow!,,surprise,surprise|awe,surprise|awe,surprise,hybrid_dictionary_plus_fallback,0.75,Dictionary majority vote over normalized emotion words.,false
S0230,"Oh, no no no. I'm fine. I'm fine.","Ross: Cause she's, she's alone now, and pregnant, and, and sad. Kristin: I guess. Ross: Are you sure? Great. Carol? Wanna come over and join us?",neutral,relief|dismissal,relief|dismissal,joy,hybrid_dictionary_plus_fallback,0.75,Dictionary majority vote over normalized emotion words.,false
S0229,"Cause she's, she's alone now, and pregnant, and, and sad.","Susan: I thought they could...I'll try to get back as soon as I can. I'm sorry. Ross: Now that is funny. Ross: Hey, do you think...would it be too weird if I invited Carol over to join us?",sadness,sadness|concern,sadness|concern,sadness,dictionary_tie_break,0.6,Dictionary labels tied; used first generated emotion as tie-break.,false
S0232,"I mean, I mean I was gonna be homeless.","Rachel: I would love to live with you Ross.. thats-thats great! Thank you! Ross: Well, Im-Im just glad I could, yknow, help you out. Rachel: Ross-Ross, you have no idea what this means to me!",sadness,gratitude|relief,gratitude|relief,joy,dictionary,0.8500000000000001,Dictionary majority vote over normalized emotion words.,false
S0231,Oh!,Rachel: Now we can go eat. Rachel: Lets go. Paul: It was horrible. They called me chicken boy.,surprise,surprise|anticipation,surprise|anticipation,surprise,hybrid_dictionary_plus_fallback,0.75,Dictionary majority vote over normalized emotion words.,false
S0233,Does it?,"Ross: And so I wanted to read every word carefully, twice! Rachel: So umm, does it? Ross: Im sorry.",fear,curious|tentative,curious|tentative,surprise,hybrid_dictionary_plus_fallback,0.75,Dictionary majority vote over normalized emotion words.,false
S0234,"Cause I kinda all ready told her uh, it was, it was already taken care of.",Russell: And well need you and Rachel to testify before a judge. Ross: Ooh! Ross: Theres no way to do this without her?,fear,relieved|explanatory,relieved|explanatory,joy,hybrid_dictionary_plus_fallback,0.75,Dictionary majority vote over normalized emotion words.,false
S0236,No! Dont say that! Dont say that!,Ben: Oh damnit!,fear,distress|urgency,distress|urgency,neutral,heuristic_llm_fallback,0.55,"Unresolved words: distress, urgency; used text-level fallback.",false
S0235,"Oh, I know. Look at him.","Ross: But I'll still always come back, like this. Chandler: And sometimes, I'll want you to steal third, and I'll go like this. Monica: He is so amazing.",joy,admiration|affection,admiration|affection,neutral,heuristic_llm_fallback,0.55,"Unresolved words: admiration, affection; used text-level fallback.",false
S0238,No!,"Chandler: Bamboozled? Joey: Yeah, isnt that a cool name? Ross: Yeah!",disgust,disagreement|assertion,disagreement|assertion,neutral,heuristic_llm_fallback,0.55,"Unresolved words: disagreement, assertion; used text-level fallback.",false
S0237,I won! I won! I finally won!,,surprise,joy|excitement,joy|excitement,joy,dictionary,0.8500000000000001,Dictionary majority vote over normalized emotion words.,false
S0239,"Hi, I was wondering if it is possible to increase security in the Paleontology section?","The Librarian: Well, yes! Just give me five minutes, I just have to find someone to cover my shift. Ross: No! No!! No! Can I speak to someone in charge please?! The Head Librarian: How can I help you?",anger,urgent|anxious,urgent|anxious,fear,hybrid_dictionary_plus_fallback,0.75,Dictionary majority vote over normalized emotion words.,false
S0240,"Oh I know, I helped pick out the ring.",Phoebe: Hi. Ross: Hey-hey Pheebs! Ross: Chandlers gonna ask Monica to marry him!,neutral,happy|proud,happy|proud,joy,hybrid_dictionary_plus_fallback,0.75,Dictionary majority vote over normalized emotion words.,false
S0241,"Geez, sounds like you should be going on this date!","Ross: You know what? Ross: She loves architecture, you know what you should do? Ross: You should take a walk down fifth to the Saint Patrick's Cathedral and there    there's this great little pastry shop that she'd love.",surprise,sarcastic|amused,sarcastic|amused,joy,hybrid_dictionary_plus_fallback,0.75,Dictionary majority vote over normalized emotion words.,false
S0242,"Thats, thats, thats a big candy bar. (Shes holding one of those huge","Emily: Oh my God! What are you doing here? Ross: I just, I had to see you one more time before you took-off. Emily: You are so sweet.",sadness,surprise|affection,surprise|affection,surprise,hybrid_dictionary_plus_fallback,0.75,Dictionary majority vote over normalized emotion words.,false
S0243,"Where is that book that you are reading with the two women who were ice-skating and wearing, wearing those hats with the flowers on it?","Monica: Deep Impact Chandler: Sorry, I justcant sleep. Chandler: Ooh!",neutral,curious|restless,curious|restless,surprise,hybrid_dictionary_plus_fallback,0.75,Dictionary majority vote over normalized emotion words.,false
S0244,That's okay.,"Joey: Huh? Joey: And-and-and I wrote a song for us! Joey: (Singing, to the tune of",neutral,reassuring|calm,reassuring|calm,neutral,hybrid_dictionary_plus_fallback,0.75,Dictionary majority vote over normalized emotion words.,false
S0246,...Oh God.,"Shelley: Okay. He's cute, he's funny, he's- Chandler: He's a he? Shelley: Well yeah!",fear,surprise|exasperation,surprise|exasperation,surprise,hybrid_dictionary_plus_fallback,0.75,Dictionary majority vote over normalized emotion words.,false
S0245,"Well, shell understand right? Its not like I did it on purpose.",,sadness,apologetic|defensive,apologetic|defensive,sadness,dictionary_tie_break,0.6,Dictionary labels tied; used first generated emotion as tie-break.,false
S0247,"I mean, last year Elizabeth now-now this kid.",Rachel: Really? Ross: Yeah! Ross: I dont know.,anger,confused|uncertain,confused|uncertain,surprise,dictionary_tie_break,0.6,Dictionary labels tied; used first generated emotion as tie-break.,false
S0248,"Ten, even twenty minutes if you need it.","Richard: Yeah, I understand. Richard: Take as much time as you want.",neutral,patient|supportive,patient|supportive,neutral,heuristic_llm_fallback,0.55,"Unresolved words: patient, supportive; used text-level fallback.",false
S0250,Not nice enough.,"Girl: Why dont you look in the mirror, scrud. Ross: I dont have too. I can just look at you. Leader: All right girls, and man. Lets see your final tallies.  Ohhhh, Debbie,  321 boxes of cookies,  Very nice.",anger,dismissive|unimpressed,dismissive|unimpressed,neutral,heuristic_llm_fallback,0.55,"Unresolved words: dismissive, unimpressed; used text-level fallback.",false
S0249,"Were really gonna do this, huh?",,surprise,uncertainty|hesitation,uncertainty|hesitation,fear,dictionary,0.8500000000000001,Dictionary majority vote over normalized emotion words.,false
S0252,He touched my fanny.,"Frank: Ow!-Ow!-Ow! Ow! Ow! Ow! Ow! Ow! Ow! Y'know, ow! Phoebe: Hey!-Hey! Whats going on? Frank: She broke my arm.",anger,shock|defiance,shock|defiance,surprise,hybrid_dictionary_plus_fallback,0.75,Dictionary majority vote over normalized emotion words.,false
S0251,"Well uh, you and I are just goofing around, I thought, why not goof around with him.","Chandler: So, are you really gonna go out with that nurse man?",neutral,playful|curious,playful|curious,joy,dictionary_tie_break,0.6,Dictionary labels tied; used first generated emotion as tie-break.,false
S0253,Look at me! I'm Chandler! Could I,"Joey: Okay, buddy-boy. Here it is. You hide my clothes, I'm wearing everything you own. Chandler: Oh my God!",joy,confusion|frustration,confusion|frustration,surprise,dictionary_tie_break,0.6,Dictionary labels tied; used first generated emotion as tie-break.,false
S0254,"I said, ""Geez, relax Monnnnn.""","Monica: We're supposed to uh, be spending a romantic weekend together, it-it, what is the matter with you? Chandler: I just want to watch a little television. What is the big deal? Geez, relax mom. Monica: What did you say?",fear,annoyed|defensive,annoyed|defensive,anger,dictionary,0.8500000000000001,Dictionary majority vote over normalized emotion words.,false
S0256,DANGER,Rachel: I dont like sitting up here! Im just gonna over Phoebe: No Rachel! They got here first! Phoebe: Why is Ross doing that?,fear,alarm|concern,alarm|concern,fear,dictionary,0.8500000000000001,Dictionary majority vote over normalized emotion words.,false
S0255,"Yeah, sure, sure I can bring some sandwiches.","Rachel: Hi, Joey! Rachel: Its Rachel! Rachel: Umm, I am free tomorrow night.",neutral,willing|neutral,willing|neutral,neutral,hybrid_dictionary_plus_fallback,0.75,Dictionary majority vote over normalized emotion words.,false
S0257,Oh my God! Why is he jumping on those women!,Phoebe: No Rachel! They got here first! Phoebe: Why is Ross doing that? Ross: DANGER,surprise,shock|concern,shock|concern,surprise,dictionary_tie_break,0.6,Dictionary labels tied; used first generated emotion as tie-break.,false
S0258,"But, now that youre not, Id really like to ask you out sometime.","Rachel: Oh, okay. Mark: Ive kinda of had this ah, this crush on you. Mark: But since you were with Ross, I-I didnt do anything about it.",fear,hopeful|nervous,hopeful|nervous,fear,hybrid_dictionary_plus_fallback,0.75,Dictionary majority vote over normalized emotion words.,false
S0259,"Me? Oh, no, I am not an actress.","Joey: Oh, you know, the writing was good, and the director is good,    and... and my co-star's good Rachel: God, you have to tell me what happens tomorrow! Joey: Ow, I'm just going over the script now! You wanna read lines with    me?",disgust,denial|hesitation,denial|hesitation,fear,hybrid_dictionary_plus_fallback,0.75,Dictionary majority vote over normalized emotion words.,false
S0260,I like a girl with a strong jaw.,"Chandler: Wh-why  would I when your name is Elaine? Chandler: Oh what a great picture of your son,  strapping! Chandler: That’s a picture of your daughter, isn’t it,  well she’s lovely.",sadness,admiration|surprise,admiration|surprise,surprise,hybrid_dictionary_plus_fallback,0.75,Dictionary majority vote over normalized emotion words.,false
S0261,"Yeah-yeah, there it is, just a phone number a really hot girl gave me.",Ross: Hello! Ross: What's this? Ross: Oh right its that girl's phone number.,joy,excited|proud,excited|proud,joy,hybrid_dictionary_plus_fallback,0.75,Dictionary majority vote over normalized emotion words.,false
S0262,"All right everyone, lift!  And slide!!","Rachel: Ross, I really dont think Ross: Lift!! And slide! Chandler: Okay, here we go.",joy,determined|energetic,determined|energetic,neutral,heuristic_llm_fallback,0.55,"Unresolved words: determined, energetic; used text-level fallback.",false
S0264,"Oh no-no, I cant do that.","Monica: Awww.  But still no. Chandler: No Im serious, we should tell each other Monica: Really? Okay, so why dont you tell me what happened to Ross Junior year at",fear,reluctance|hesitation,reluctance|hesitation,fear,hybrid_dictionary_plus_fallback,0.75,Dictionary majority vote over normalized emotion words.,false
S0263,Hey sweetie.,"Chandler: No-no-no-no.  Hey! Phoebe: Anyway, I should go. Okay, bye.",neutral,affectionate|playful,affectionate|playful,joy,dictionary,0.8500000000000001,Dictionary majority vote over normalized emotion words.,false
S0265,Dr. Geller!,"Ross: Listen, I gotta tell ya, I-Im having a great time! Ross: Yknow how before you said it might be weird, the whole student teacher thing, and to be frank I thought it would be too, but its not. Ross: I mean its not at all.",joy,surprise|joy,surprise|joy,surprise,dictionary_tie_break,0.6,Dictionary labels tied; used first generated emotion as tie-break.,false
S0266,So thanks for the warm welcome.,,neutral,gratitude|appreciation,gratitude|appreciation,joy,hybrid_dictionary_plus_fallback,0.75,Dictionary majority vote over normalized emotion words.,false
S0268,"Oh my God Ross, no, hang up the phone, give me the phone Ross, give me the phone, give me the phone, give me the.","Rachel: I'm just calling to say that um, everything's fine and I'm really happy for you and your Ross: Rach, I got a message from you. Rachel: Oh my God.",sadness,urgency|anxiety,urgency|anxiety,fear,hybrid_dictionary_plus_fallback,0.75,Dictionary majority vote over normalized emotion words.,false
S0267,"Oh its Bing, sir. Im sorry , I was just ah...","Doug: And remember, there is no I in team. Chandler: Yes, but theres two in martini, soo everybody Doug: You! Chuckles! Whats your name?",fear,apologetic|hesitant,apologetic|hesitant,sadness,dictionary_tie_break,0.6,Dictionary labels tied; used first generated emotion as tie-break.,false
S0270,"I know. I know. But, can we please try it again? Huh? I mean, you were","Phoebe: Oh, hello liar. Ross: Look, I-Im really sorry I let go of the bike. Phoebe: I couldve been killed I hope you know!",sadness,apologetic|hopeful,apologetic|hopeful,sadness,hybrid_dictionary_plus_fallback,0.75,Dictionary majority vote over normalized emotion words.,false
S0269,"Okay. Yeah.  Yeah, Ill grab this one.","Kristen: But how about tomorrow? Joey: Sounds great! Okay, alright, well where does this go? Kristen: You look strong, why dont I take that and you grab one of the boxes.",neutral,cooperative|focused,cooperative|focused,joy,heuristic_llm_fallback,0.55,"Unresolved words: cooperative, focused; used text-level fallback.",false
S0271,How could you have kept all of this from me?,,fear,disappointment|frustration,disappointment|frustration,sadness,dictionary_tie_break,0.6,Dictionary labels tied; used first generated emotion as tie-break.,false
S0272,Ohh. And I dont even have a date.,"Emily: Its perfect. Ross: And, I dont know, if it starts to rain Emily: Well then well get wet.",sadness,disappointment|wistfulness,disappointment|wistfulness,sadness,hybrid_dictionary_plus_fallback,0.75,Dictionary majority vote over normalized emotion words.,false
S0273,What?,"Joey: That would be Casey. Were going out tonight. Chandler: Goin out, huh? Wow! Wow!  So things didnt work out with Kathy, huh? Bummer. Joey: No, things are fine with Kathy. Im having a late dinner with her tonight, right after my early dinner with Casey.",surprise,confusion|surprise,confusion|surprise,surprise,dictionary,0.8500000000000001,Dictionary majority vote over normalized emotion words.,false
S0274,"Oh, no!","Ross: No, I mean its okay, I mean, theyre-theyre my friends. Ross: In fact, I-I-I was married to one of them. The Instructor: Let me get this straight man, you attacked your ex-wife?!",surprise,shock|defensiveness,shock|defensiveness,surprise,hybrid_dictionary_plus_fallback,0.75,Dictionary majority vote over normalized emotion words.,false
S0276,Oh my god. You are pure evil.,"Chandler: Ok.  Ok. Having a phone has finally paid off. Ross: Even though you do do a good Bob impression, I'm thinkin' when she sees you tomorow, she's probably gonna realize, ""Hey, you're not Bob."" Chandler: I'm hoping that when Bob doesn't show up, she will seek comfort in the open arms of the wry stranger at the next table.",disgust,anger|disgust,anger|disgust,anger,dictionary_tie_break,0.6,Dictionary labels tied; used first generated emotion as tie-break.,false
S0275,Come on!,"Rachel: Now, maybe I would have a problem with this if it wasnt for me and Joshua. Rachel: Yknow, theyre not gonna get married anyway! Chandler: What?",anger,impatient|assertive,impatient|assertive,anger,dictionary,0.8500000000000001,Dictionary majority vote over normalized emotion words.,false
S0278,My God!,,surprise,shock|surprise,shock|surprise,surprise,dictionary,0.8500000000000001,Dictionary majority vote over normalized emotion words.,false
S0277,I won't!  Until I have my next cigarette.,"Phoebe: You can't put your cigarette out on a tree! The Smoking Woman: Yeah I can, it worked real well. Phoebe: No but you shouldn't! Don't ever do that again.",anger,defiant|stubborn,defiant|stubborn,anger,heuristic_llm_fallback,0.55,"Unresolved words: defiant, stubborn; used text-level fallback.",false
S0280,They taste so good.,Chandler: I found this place that makes the greatest mozzarella sticks and jalepino poppers . Chandler: No? Chandler: Really?,joy,surprise|interest,surprise|interest,surprise,hybrid_dictionary_plus_fallback,0.75,Dictionary majority vote over normalized emotion words.,false
S0279,You are really frightening me.,"Monica: I'm sure they'll be here soon. Rachel: Yeah, honey, they wouldn't miss this. Joey: Relax. You're only at nine centimeters. And the baby's at zero station.",fear,fear|anxiety,fear|anxiety,fear,hybrid_dictionary_plus_fallback,0.75,Dictionary majority vote over normalized emotion words.,false
S0282,He's probably up in your room!,"Monica: This is crazy! I mean, it's such a stupid argument. I don't even wanna see Richard again. Phoebe: So go fix it! Phoebe: Go find Chandler!",sadness,concerned|curious,concerned|curious,fear,dictionary_tie_break,0.6,Dictionary labels tied; used first generated emotion as tie-break.,false
S0281,"Please, what about you and Chandler?","Monica: Hey! Rachel: I just wanted to let you know I've changed my mind: I'm gonna    do it, I'm gonna kiss Joey. Monica: No, you can't! Friends hooking up is a bad idea.",anger,curiosity|concern,curiosity|concern,surprise,dictionary_tie_break,0.6,Dictionary labels tied; used first generated emotion as tie-break.,false
S0283,What?! What do you mean youre going to London?,"Rachel: Do you remember where the duck food is? Phoebe: Yeah, its in the guys apartment under the sink. Why? Rachel: Because Im going to London.",surprise,shock|confusion,shock|confusion,surprise,dictionary,0.8500000000000001,Dictionary majority vote over normalized emotion words.,false
S0284,Oh my God! He did it?,Rachel: Hi. Phoebe: Are you all right? Rachel: Uhh… I think I just got engaged.,surprise,surprise|excitement,surprise|excitement,surprise,dictionary_tie_break,0.6,Dictionary labels tied; used first generated emotion as tie-break.,false
S0286,"Im sorry, I wa, I wa, I was just ah....","Rachel: Oh honey, come on, Im sorry, I didnt.... Rachel: I dont mind paying my dues, y'know, its just how much am I gonna learn about fashion by walking Mira, the arthritic seamstress, to the bathroom. Rachel: Hi! Is my misery amusing to you?",fear,apologetic|hesitant,apologetic|hesitant,sadness,dictionary_tie_break,0.6,Dictionary labels tied; used first generated emotion as tie-break.,false
S0285,I just don’t know! It just doesn’t feel right.,"Phoebe: I  like to think of myself as the puppet master of the group. Rachel: And you really think this is a good idea? Phoebe: I just talked him into it, don’t tell me I have to do you too.  The puppet master gets tired people.",sadness,confusion|doubt,confusion|doubt,surprise,hybrid_dictionary_plus_fallback,0.75,Dictionary majority vote over normalized emotion words.,false
S0287,Oh - Oh my god!,"Phoebe: Bob! Phoebe: Robert! Phoebe: Oh wait, I think I hear him.",surprise,surprise|relief,surprise|relief,surprise,dictionary_tie_break,0.6,Dictionary labels tied; used first generated emotion as tie-break.,false
S0288,Bob    had babies!,"Phoebe: Robert! Phoebe: Oh wait, I think I hear him. Phoebe: Oh - Oh my god!",surprise,surprise|excitement,surprise|excitement,surprise,dictionary_tie_break,0.6,Dictionary labels tied; used first generated emotion as tie-break.,false
S0289,Great. So the ball is in his court?,"Rachel: So if I said yes, he would know I had nothing better to do than wait around for an invitation to his stupid party. Rachel: I said, ""No!"" Rachel: Which puts",anger,sarcasm|resignation,sarcasm|resignation,joy,heuristic_llm_fallback,0.55,"Unresolved words: sarcasm, resignation; used text-level fallback.",false
S0290,What?! Why?!,"Danny: Oh, hey Rach! I thought we said seven? Rachel: Yeah uh, y'know what uh, let's skip it.",surprise,surprise|confusion,surprise|confusion,surprise,dictionary,0.8500000000000001,Dictionary majority vote over normalized emotion words.,false
S0292,"Okay, this isn't working. I'm still awake and now I have to pee.","Phoebe: Okay. Phoebe: Just-just, you know, the-the lovely waterfalls, and the, the trickling fountains. Phoebe: And the-the calming sounds of the babbling brook....",disgust,frustration|discomfort,frustration|discomfort,anger,hybrid_dictionary_plus_fallback,0.75,Dictionary majority vote over normalized emotion words.,false
S0291,You should serve it with vodka and a piece of celery.,"Monica: All right, that Ill retract. Monica: But I stand by my review, I know food and that wasnt it. Monica: Youre marinara sauce tasted like tomato juice!",disgust,critical|assertive,critical|assertive,anger,hybrid_dictionary_plus_fallback,0.75,Dictionary majority vote over normalized emotion words.,false
S0293,Go! Go! Go! Go! Go! Go! Go! Go! Go! Go!,Rachel: But we should move quick. Chandler: Why? Rachel: Because I think I just heard her moving around in there.,fear,urgency|anxiety,urgency|anxiety,fear,hybrid_dictionary_plus_fallback,0.75,Dictionary majority vote over normalized emotion words.,false
S0294,How's it going?,"All: Hey, Pheebs. Phoebe: Hey.",neutral,curious|friendly,curious|friendly,surprise,hybrid_dictionary_plus_fallback,0.75,Dictionary majority vote over normalized emotion words.,false
S0295,We hate that guy.,"Monica: Nothing, um, it's just, um... It's Roger. Ross: I dunno, there's just something about... Chandler: Basically we just feel that he's...",disgust,disgust|annoyance,disgust|annoyance,disgust,dictionary_tie_break,0.6,Dictionary labels tied; used first generated emotion as tie-break.,false
S0296,Yeah. Hate him.,"Ross: I dunno, there's just something about... Chandler: Basically we just feel that he's... Rachel: We hate that guy.",disgust,dislike|annoyance,dislike|annoyance,anger,hybrid_dictionary_plus_fallback,0.75,Dictionary majority vote over normalized emotion words.,false
S0297,"Emily, do you think Monica realises how much our parents spent on this wedding?","Ross: She said what? Emily: She said, ""If Im not gonna be happy getting married somewhere that we find in a day, well then we should just postpone it."" Ross: Postpone it?",anger,concern|curiosity,concern|curiosity,fear,dictionary_tie_break,0.6,Dictionary labels tied; used first generated emotion as tie-break.,false
S0298,"Do you my sisters teeny-tiny little brain comprehends that people took time out of their lives to fly thousands of miles to be here, huh?","Emily: She said, ""If Im not gonna be happy getting married somewhere that we find in a day, well then we should just postpone it."" Ross: Postpone it? Ross: Emily, do you think Monica realises how much our parents spent on this wedding?",anger,frustration|exasperation,frustration|exasperation,anger,hybrid_dictionary_plus_fallback,0.75,Dictionary majority vote over normalized emotion words.,false
S0299,We have no choice!,"Emily: I realize that people are going to be disappointed. But, Im sure theyll come back when we can do it right. Ross: I cant ask people to do that? Would you ask people to do that? Emily: Dont you point your pants at me!",anger,determined|frustrated,determined|frustrated,anger,hybrid_dictionary_plus_fallback,0.75,Dictionary majority vote over normalized emotion words.,false
S0300,"Oh please, he didnt hear it! He didnt hear it!!","The Museum Official: Hi, this is Heldi from the Morgan Chase museum. Im calling for Monica Geller. Monica: Oh no! The Museum Official: I want to let her know that there was a cancellation and if shes still interested in having the Bing-Geller wedding at our facility, it is available",fear,frustration|relief,frustration|relief,anger,dictionary_tie_break,0.6,Dictionary labels tied; used first generated emotion as tie-break.,false
