sample_id,utterance,context,gold_label,free_emotions,free_emotions_norm,mapped_label,mapping_method,mapping_confidence,mapping_reason,is_demo
S0001,Push!,"Ross: Or! Or, we could go to the bank, close our accounts and cut them off at the source. Joey: Come on, Lydia, you can do it. Joey: But then who? The waitress I went out with last month?",joy,determination|encouragement,determination|encouragement,surprise,heuristic_llm_fallback,0.55,"Unresolved words: determination, encouragement; used text-level fallback.",false
S0002,Okay. Its Emma.,,neutral,neutral|reflective,neutral|reflective,neutral,hybrid_dictionary_plus_fallback,0.75,Dictionary majority vote over normalized emotion words.,false
S0003,Why are there only two of you?,"Phoebe: All right. Phoebe: Well, thats just the way that goes. Phoebe: Okay, good.",fear,curious|confused,curious|confused,neutral,heuristic_llm_fallback,0.55,"Unresolved words: curious, confused; used text-level fallback.",false
S0004,"Well, its about time.","Ross: Hey! Chandler: Hi! Bye! Ross: Okay, Im done with my choices, these are final.",anger,impatience|resignation,impatience|resignation,neutral,heuristic_llm_fallback,0.55,"Unresolved words: impatience, resignation; used text-level fallback.",false
S0005,Shh!,"Dr. Oberman: Umm, I'm actually a first year resident, but I get that a lot, you see, I-I graduated early Phoebe: Uh-huh, me too. Ross, maybe I should've specified that I'd be needing a grown up doctor. Dr. Oberman: Oh no, I'm fully qualified to",anger,anticipation|caution,anticipation|caution,neutral,heuristic_llm_fallback,0.55,"Unresolved words: anticipation, caution; used text-level fallback.",false
S0006,"I mean its pretty unbelievable y'know, I mean they just took off, took off without even looking back.",Ross: ....right? Ross: Right?,anger,amazement|bewilderment,amazement|bewilderment,neutral,heuristic_llm_fallback,0.55,"Unresolved words: amazement, bewilderment; used text-level fallback.",false
S0007,I ate a bug.,"Carol: No. But its okay, Ill just put out pickles or something. Phoebe: Ross, thank God. Ross: Pheebs? What, why are you whispering?",disgust,shock|disgust,shock|disgust,neutral,default_neutral,0.4,No mappable emotion words found.,false
S0008,"Look, I-I-I am sorry that Rachel dumped you cause she fell in love with that Mark guy, and you are the innocent victim in all of this, but dont punish your friends for what Rachel did to you.","Carol: Listen, we both know youre gonna do it cause youre not a jerk. Carol: So you can either sulk here for a half hour and then go pick them up, or save us both time and sulk in the car. Ross: No, Rachel doesnt want me to....",neutral,sympathy|persuasion,sympathy|persuasion,neutral,heuristic_llm_fallback,0.55,"Unresolved words: sympathy, persuasion; used text-level fallback.",false
S0010,"Its just a healthy expression of female sexuality, which by the way, you will never understand.","Joey: Okay, look Im sorry, I went in there to take a nap and I know I shouldnt have, but you got porn! Rachel: Hey-hey, yknow what? Rachel: Theres nothing wrong with a woman enjoying a littleerotica.",anger,defensive|assertive,defensive|assertive,neutral,heuristic_llm_fallback,0.55,"Unresolved words: defensive, assertive; used text-level fallback.",false
S0009,"Ohh, well, this is just perfect!","Rachel: How could you not tell me that she has hair? Dr. Rhodes: He's good with rear things, bring him in too. Phoebe: I dont know, I hardly ever say that about people.",anger,sarcastic|exaggerated,sarcastic|exaggerated,neutral,heuristic_llm_fallback,0.55,"Unresolved words: sarcastic, exaggerated; used text-level fallback.",false
S0012,It made me nuts.,"Joey: Hold it, hold it. Joey: I gotta side with Chandler on this one. Joey: When I first moved to the city, I went out a couple of times with this girl, really hot, great kisser, but she had the biggest Adam's apple.",disgust,frustration|annoyance,frustration|annoyance,anger,hybrid_dictionary_plus_fallback,0.75,Dictionary majority vote over normalized emotion words.,false
S0011,"Dad, please dont pick your teeth out here!",,disgust,disapproval|annoyance,disapproval|annoyance,anger,hybrid_dictionary_plus_fallback,0.75,Dictionary majority vote over normalized emotion words.,false
S0014,"I'm sorry, honey, I promise it will never happen again.","Chandler: There huhhmm, there-there was an incident. Mrs. Bing: And I don't even know how it happened. Joey: Dont worry about that man, that happens.",sadness,apologetic|concerned,apologetic|concerned,anger,heuristic_llm_fallback,0.55,"Unresolved words: apologetic, concerned; used text-level fallback.",false
S0013,"Oh! Ohhhhh! Oh! Phoebe, come here. Aw, this is my new bed. You gotta feel this bad boy.",Phoebe: Ow! Phoebe: Hi. Y'know in England this car would be on the other side of the store.  Woo! Chandler: What problem did you tell him you had?,joy,excitement|enthusiasm,excitement|enthusiasm,joy,hybrid_dictionary_plus_fallback,0.75,Dictionary majority vote over normalized emotion words.,false
S0016,Shielding your face and shrieking like a girl... is not a backhand.,"Monica: Yeah, I talked to you on the phone, Im the lady that got stuck with the racecar bed. Chandler: Excuse me little one, I have a very solid backhand. Jester: Look, its like I told you, theres nothing I can do. You signed for it, Monica Velula Geller.",disgust,mocking|critical,mocking|critical,neutral,heuristic_llm_fallback,0.55,"Unresolved words: mocking, critical; used text-level fallback.",false
S0015,No-no! Don't do it! Don't!,"Monica: Just let me finish, okay? Chandler: All right, let me in. Ross: Alright?",fear,,,neutral,default_neutral,0.4,No mappable emotion words found.,false
S0017,"You gotta help me out here, you gotta set me up, you gotta get me back in the game.","Chandler: I never sucked, I actually didn't want you to know how good I was! Monica: And y'know what, I just realised, in the last year Ive only gone out with two guys, Richard and Julio.",fear,,,neutral,default_neutral,0.4,No mappable emotion words found.,false
S0018,Okay. But the question is whos gonna go first. Cause whoever goes second is the bitch.,"Monica: Okay well then, Ill fire him today and you go out with him for another week. Phoebe: Are you kidding?! Another week with that sip, Ill kill Monica: Okay well, then well both do it today and hell just have to deal with it!",sadness,,,neutral,default_neutral,0.4,No mappable emotion words found.,false
S0019,"So, rocks.","Chandler: Okay, what is in here? Rocks? Janice: Oh, my Bing-a-ling. Ill wait for you. Do you even know how long youre going to be gone? Ross: No-no, this is my collection of fossil samples.",disgust,confused|puzzled,confused|puzzled,surprise,heuristic_llm_fallback,0.55,"Unresolved words: confused, puzzled; used text-level fallback.",false
S0020,"Ohh. Hey, remember when I ran into this thing  and it kinda knocked me out a little?","Chandler: So, rocks. Janice: Oh. Well, Ill right you everyday.  15 Yemen Road, Yemen. Ross: I'm really gonna miss this apartment. Y'know, Ben-Ben took his first steps right over there.",joy,nostalgic|reflective,nostalgic|reflective,fear,heuristic_llm_fallback,0.55,"Unresolved words: nostalgic, reflective; used text-level fallback.",false
S0022,"Youre going to a clinic, and a pyjama store!","Chandler: No, no-n-n-n-no!! Ross: Perhaps. Now Im curious, at what point during those girlish screams would you have begun to Chandler: You are going to a clinic!",disgust,confusion|exaggeration,confusion|exaggeration,neutral,heuristic_llm_fallback,0.55,"Unresolved words: confusion, exaggeration; used text-level fallback.",false
S0021,Were not even shootin them anymore?!!,"Joey: Like theyre taking it off the air? Joey: Ohh. Joey: All right, see you Monday.",surprise,surprise|confusion,surprise|confusion,surprise,hybrid_dictionary_plus_fallback,0.75,Dictionary majority vote over normalized emotion words.,false
S0023,I dont think Id be comfortable with any of my old lovers there.,"Rachel: How would you feel about taking out my assistant Tag? Ill pay. Ross: Yeah? Joey: Huh, Rach I got to say its gonna take a lot of money for me to go out on a date with a dude.",sadness,hesitant|uncomfortable,hesitant|uncomfortable,neutral,heuristic_llm_fallback,0.55,"Unresolved words: hesitant, uncomfortable; used text-level fallback.",false
S0024,"Wait-wait-wait, do you, do you think, maybe we shouldnt invite her?","Joey: Huh, Rach I got to say its gonna take a lot of money for me to go out on a date with a dude. Emily: I dont think Id be comfortable with any of my old lovers there. Rachel: Im not asking you to go on a",fear,hesitant|uncertain,hesitant|uncertain,surprise,heuristic_llm_fallback,0.55,"Unresolved words: hesitant, uncertain; used text-level fallback.",false
S0025,Who cares? I repel women.,"Chandler: Okay, is this lamp in the same place? Rachel: Okay, I have to tell you something that I have never admitted during our entire friendship!",disgust,frustration|self-deprecation,frustration|self-deprecation,neutral,heuristic_llm_fallback,0.55,"Unresolved words: frustration, self-deprecation; used text-level fallback.",false
S0026,Hi Jill!,"A Female Student: Yeah, what's up with that girl Monica? Jill: Me too. Phoebe: I don't know! I didn't come with her!",joy,greeting|casual,greeting|casual,neutral,hybrid_dictionary_plus_fallback,0.75,Dictionary majority vote over normalized emotion words.,false
S0027,Oh my God!  Go away!  Stop looking in here!,"Chandler: I might have some kind of life, like I haven't been sitting around here honing for the past few hours. Chandler: Man to uh, me. Monica: Look look! He's doing it again, the guy with the telescope!",anger,annoyance|frustration,annoyance|frustration,anger,hybrid_dictionary_plus_fallback,0.75,Dictionary majority vote over normalized emotion words.,false
S0028,"Uh, it's 2:30 in the morning!","Ross: Ok, bye.  Well, Monica's not coming, it's just gonna be me and Rachel. Monica: Where are you guys going? Come on, one more game! Chandler: Oh. Well, hold on camper, are you sure you've thought this thing through?",sadness,surprise|confusion,surprise|confusion,surprise,hybrid_dictionary_plus_fallback,0.75,Dictionary majority vote over normalized emotion words.,false
S0030,Or we could throw you both in,"Paleontologist: Ok Geller. Last day of the conference, you know what happens to the keynote speaker. Ross: Oh, professor Clerk we're kind of in the middle of a conversation, here. Charlie: Yeah, can you guys just throw him in the pool later?",joy,,,neutral,default_neutral,0.4,No mappable emotion words found.,false
S0029,"Uh, well... Joey and I broke up.","Rachel: Are you seriousReally?! Its in such good condition. Phoebe: Okay! Ross: Yes, please!  So, what's going on?",sadness,sadness|hesitation,sadness|hesitation,sadness,hybrid_dictionary_plus_fallback,0.75,Dictionary majority vote over normalized emotion words.,false
S0032,Really?,"Ross: Wow! This is so amazing. I uh, I really thought Id have to talk you into this more. Rachel: What-wh-what so well just stay married forever?! Ross: Okay, look, how is this gonna affect you?",anger,surprise|uncertainty,surprise|uncertainty,surprise,hybrid_dictionary_plus_fallback,0.75,Dictionary majority vote over normalized emotion words.,false
S0031,"Yes, exactly!","Phoebe: Oh, ew! Rachel: Okay! So, well just stay married.",joy,agreement|affirmation,agreement|affirmation,neutral,heuristic_llm_fallback,0.55,"Unresolved words: agreement, affirmation; used text-level fallback.",false
S0034,Yknow how people just click?,"Joanna: Chandler is fantastic!! Joanna: Because if you feel uncomfortable with your friend dating someone you work for, there are always ways to fix...that. Rachel: What?!",joy,,,neutral,default_neutral,0.4,No mappable emotion words found.,false
S0033,No!,"Joey: It can’t be me, I’m standing right here. Joanna: Why?! Why?! He said hed call. Why hasnt he called? Mr. Geller: Wanna peek?",disgust,anger|disbelief,anger|disbelief,anger,hybrid_dictionary_plus_fallback,0.75,Dictionary majority vote over normalized emotion words.,false
S0035,"Like he came by to pick me up, and I opened the door, and it was just like, click!","Joanna: Because if you feel uncomfortable with your friend dating someone you work for, there are always ways to fix...that. Rachel: What?! Joanna: Yknow how people just click?",joy,surprise|amusement,surprise|amusement,neutral,default_neutral,0.4,No mappable emotion words found.,false
S0036,I did not cry my eyes out!!,"Rachel: I can get a quick bite to eat, but then I have to come back up here. Joey: Hey! Ross: Come on sweetie! You?ve had to work late every night for the past two weeks, what is it this time?",anger,defensive|frustrated,defensive|frustrated,anger,hybrid_dictionary_plus_fallback,0.75,Dictionary majority vote over normalized emotion words.,false
S0037,"Oh yeah well, you know me, babies, responsibilities, ahhh!!!","Rachel: Oh boy, I just can't watch. It's too scary! Janice: Wait! Wait! I wanna see this. After I divorce him, half of that kingdom is gonna be mine. Monica: It's a diaper commercial.",fear,exasperated|frustrated,exasperated|frustrated,anger,hybrid_dictionary_plus_fallback,0.75,Dictionary majority vote over normalized emotion words.,false
S0038,I wanna see whats in your hand. I wanna see the trash.,"Joey: You said, you wanna come in for some lemonade? Monica: Why do you want to see my hand? Monica: So?!",disgust,curious|playful,curious|playful,neutral,heuristic_llm_fallback,0.55,"Unresolved words: curious, playful; used text-level fallback.",false
S0040,"Eww! Oh, its all dirty. You should throw this out.","Monica: So?! Phoebe: I wanna see whats in your hand. I wanna see the trash. Joey: Whoa, ah!! Were you just gonna give me some lemonade?",disgust,disgust|annoyance,disgust|annoyance,neutral,default_neutral,0.4,No mappable emotion words found.,false
S0039,Yeah huh!! Cover yourself up!,"Monica: So?! Phoebe: I wanna see whats in your hand. I wanna see the trash. Joey: Whoa, ah!! Were you just gonna give me some lemonade?",disgust,annoyance|disapproval,annoyance|disapproval,anger,hybrid_dictionary_plus_fallback,0.75,Dictionary majority vote over normalized emotion words.,false
S0041,"Hi! Oh, Im so glad you called.",Monica: Thank you!    You haven't said anything... Ross: Hi! Its me. 3rd Customer: Actually I do have one small complaint.,joy,joy|relief,joy|relief,joy,hybrid_dictionary_plus_fallback,0.75,Dictionary majority vote over normalized emotion words.,false
S0042,"Well for the regular guy, its bad, but Chandler, Oh dear God!",Joey: Okay! Monica: How bad is this? Joey: Uh-oh.,fear,concern|surprise,concern|surprise,surprise,hybrid_dictionary_plus_fallback,0.75,Dictionary majority vote over normalized emotion words.,false
S0043,Whoa!,"Rachel: No, but I was doing my thing and everything was going according to the plan! Phoebe: Thank you, I need that. Monica: Oh God, stop with the plan!",surprise,surprise|amusement,surprise|amusement,neutral,default_neutral,0.4,No mappable emotion words found.,false
S0044,"Oh, right, OK. Ole.","Duncan: I missed you.  I'm gonna get changed. Phoebe: OK. Duncan: Um, now. Phoebs.",neutral,acknowledgment|indifference,acknowledgment|indifference,fear,heuristic_llm_fallback,0.55,"Unresolved words: acknowledgment, indifference; used text-level fallback.",false
S0046,"We were walking by this antique store, and I saw this pin in the window, and I told him that it was just like one my grandmother had when I was a little girl.",Phoebe: Remembered what? Ross: Really?! Rachel: It was like months ago.,sadness,nostalgia|reflection,nostalgia|reflection,neutral,heuristic_llm_fallback,0.55,"Unresolved words: nostalgia, reflection; used text-level fallback.",false
S0045,"Oh myThis is so embarrassing. Oh my God, Im never gonna get massaged again!",Rachel: Hey! Phoebe: I mean hi. Joey: What's happening?,fear,,,neutral,default_neutral,0.4,No mappable emotion words found.,false
S0047,F-hah.... flennin....,"Monica: I can't believe he did this. Chandler: Come on, Ross? Remember back in college, when he fell in love with Carol and bought her that ridiculously expensive crystal duck? Rachel: What did you just say?",fear,amused|mocking,amused|mocking,joy,hybrid_dictionary_plus_fallback,0.75,Dictionary majority vote over normalized emotion words.,false
S0048,I really like waking up with you.,,joy,affection|happiness,affection|happiness,neutral,heuristic_llm_fallback,0.55,"Unresolved words: affection, happiness; used text-level fallback.",false
S0050,Okay.,"Phoebe: You guys make a Chandler: Thats a mailman! Thats Joey: Yeah, we look great together.",neutral,indifferent|unimpressed,indifferent|unimpressed,neutral,hybrid_dictionary_plus_fallback,0.75,Dictionary majority vote over normalized emotion words.,false
S0049,Who am I?,Ross: Where does that leave me? Susan: You get to be the baby's father. Susan: Everyone knows who you are.,anger,confusion|uncertainty,confusion|uncertainty,neutral,heuristic_llm_fallback,0.55,"Unresolved words: confusion, uncertainty; used text-level fallback.",false
S0051,Isabella Rosselini.,"Ross: Thank you. Monica: Of course not. Isabella: Um, coffee to go, please.",neutral,neutral|casual,neutral|casual,neutral,dictionary,0.8500000000000001,Dictionary majority vote over normalized emotion words.,false
S0052,"Oh-oh, you lie.","Monica: Why? Cause otherwise youd go for it? Chandler: Oh well you're the best. You come here to me. Ross: Yeah, maybe.",disgust,suspicious|accusatory,suspicious|accusatory,neutral,heuristic_llm_fallback,0.55,"Unresolved words: suspicious, accusatory; used text-level fallback.",false
S0053,Well! Well! Well! Joey Tribbiani! So you came back huh? They,"Joey: Hey Estelle, listen Ross: Okay. Chandler: Hey, Mon.",surprise,surprise|skepticism,surprise|skepticism,surprise,hybrid_dictionary_plus_fallback,0.75,Dictionary majority vote over normalized emotion words.,false
S0054,"Yay!! Oh so, youre not, youre not mad at us anymore?","Monica: Hi, how are you doing Kelly? Joey: It looks like a women's purse. Joey: Oh, unbelievable! We had the best time!",joy,relief|joy,relief|joy,joy,hybrid_dictionary_plus_fallback,0.75,Dictionary majority vote over normalized emotion words.,false
S0056,No! He blew us off!,"Joey: I dont get it! Ross: Hey! So uh, was he excited about the tickets?",anger,frustration|disappointment,frustration|disappointment,sadness,hybrid_dictionary_plus_fallback,0.75,Dictionary majority vote over normalized emotion words.,false
S0055,"Oh, y'know Joey, you are sick!","Monica: It's my new perfume. Why don't you come closer where you can Joey: See look, Joey: No!",disgust,disgust|annoyance,disgust|annoyance,neutral,default_neutral,0.4,No mappable emotion words found.,false
S0058,"So, Im sorry I just dont think we should go away together yet.","Elizabeth: Oh good. Joey: I got in there myself once. Ross: Look, I  Look, Im having a great time with you and I just dont want us to move to fast or put to much pressure on us.",sadness,apologetic|cautious,apologetic|cautious,joy,heuristic_llm_fallback,0.55,"Unresolved words: apologetic, cautious; used text-level fallback.",false
S0057,"Look, I  Look, Im having a great time with you and I just dont want us to move to fast or put to much pressure on us.","Ross: Yeah, it kinda grows on you.  Actually, I wanted to finish talking to you about uh, spring vacation. Joey: Oh yeah! Elizabeth: Oh good.",fear,cautious|honest|thoughtful,cautious|honest|thoughtful,joy,heuristic_llm_fallback,0.55,"Unresolved words: cautious, honest, thoughtful; used text-level fallback.",false
S0060,"I got it! Hey, you get to sleep with her, I get the cramps.","Carol: Ow, ow, ow, ow, leg cramp, leg cramp, leg cramp. Ross: I got it. Susan: I got it.",anger,playful|teasing,playful|teasing,neutral,heuristic_llm_fallback,0.55,"Unresolved words: playful, teasing; used text-level fallback.",false
S0059,Oh my God. You guys! You gotta come see this! There's some creep out there with a telescope!,"Rachel: So, um, will you bring the truck? Ross: I don't know, you don't wanna mess with corn nuts. They're craaazy. Fireman No. 3: I'll even let you ring the bell.",fear,surprise|alarm,surprise|alarm,surprise,hybrid_dictionary_plus_fallback,0.75,Dictionary majority vote over normalized emotion words.,false
S0062,"On no! No! Its not good-bye, Im not leaving until you get on that plane.","Phoebe: Was it not pain-free? Chandler: Well, were really not that close.  Okay, so I guess this is uh, good-bye then. Monica: No. It was painful. Oh my God , they should call it Pain-zine, now with a little wax.",sadness,desperation|pleading,desperation|pleading,surprise,heuristic_llm_fallback,0.55,"Unresolved words: desperation, pleading; used text-level fallback.",false
S0061,You dont know how that happened?! Your dog thought my diaphragm was a chew toy!,"Joey: Whoa-whoa-whoa-whoa, I-IHey! I did The Dry Cleaner: Thats my wife!!! Get out! Mr. Geller: Well, Id gotten Judy pregnant. I still dont know how that happened.",disgust,frustration|anger,frustration|anger,anger,hybrid_dictionary_plus_fallback,0.75,Dictionary majority vote over normalized emotion words.,false
S0064,Why are we in bed together?,Rachel: Ohhh! Joey: Whatever.,surprise,confusion|surprise,confusion|surprise,surprise,hybrid_dictionary_plus_fallback,0.75,Dictionary majority vote over normalized emotion words.,false
S0063,I-I do though.,"Phoebe: Thats good. I got to admit, I thought it was something else. David: Yeah, I Well I really actually wanted to say umm, that, but um, I figured I probably shouldnt because yknow, Ihave to leave. Phoebe: Youre right! Youre right. Dont say it.",sadness,hesitant|apologetic,hesitant|apologetic,neutral,heuristic_llm_fallback,0.55,"Unresolved words: hesitant, apologetic; used text-level fallback.",false
S0065,"And it came out, ""Squatternut buash?""","Joey: Hey, I wasn't the only one who looked like an idiot. Joey: All right? Joey: Remember when Ross tried to say, ""Butternut squash?""",joy,amused|playful,amused|playful,joy,hybrid_dictionary_plus_fallback,0.75,Dictionary majority vote over normalized emotion words.,false
S0066,Chandler that's crazy!,"Monica: Why, exactly? Ross: My first time with Carol was... Chandler: Because of the weekend, we had a fight.",surprise,surprise|amusement,surprise|amusement,neutral,default_neutral,0.4,No mappable emotion words found.,false
S0068,"Yeah, yeah, you go talk to your friend. You tell him, ""Nice try.""","Tom: I'm sorry? Rachel: No, it's all right, you can just drop the act Tommy. Tom: I'm gonna go talk to uh, a friend.",disgust,,,neutral,default_neutral,0.4,No mappable emotion words found.,false
S0067,I got my hair coloured!,"Doug: Hi. So good news, the divorce is final. I signed the papers this A.M. Rachel: Ive been waiting for this for months! Chandler: I didnt know you and Carol were getting divorced, Im sorry.",joy,excited|happy,excited|happy,joy,dictionary,0.8500000000000001,Dictionary majority vote over normalized emotion words.,false
S0070,"My marriage, I think my marriage is um, is kinda over.","Phoebe: Oh, its already closed, Chris gave me the keys to lock up-what is wrong? Danny: So you like the short hair better. Chandler: Okay! You dont think I thought of that?",sadness,sadness|concern,sadness|concern,sadness,hybrid_dictionary_plus_fallback,0.75,Dictionary majority vote over normalized emotion words.,false
S0069,"Look, Pheebs, I just, I wanna apologize for, for saying that your method was stupid and-and maybe ask you to be my teacher again.","Gunther: Remind me to review with you which pot is decaf and which is regular. Phoebe: No, I can't talk to you! I don't have a fancy ad in the Yellow Pages!",sadness,apologetic|hopeful,apologetic|hopeful,anger,heuristic_llm_fallback,0.55,"Unresolved words: apologetic, hopeful; used text-level fallback.",false
S0072,I might've said that.  Why is that funny?,"Monica: Ok, hypothetically, why won't I be married when I'm 40? Chandler: Really?! That's what you heard?  You said that? Chandler: No, no, no.",neutral,confusion|curiosity,confusion|curiosity,neutral,heuristic_llm_fallback,0.55,"Unresolved words: confusion, curiosity; used text-level fallback.",false
S0071,"See, yes.","Chandler: I know. Ross: Okay, thats a fire. Oh yeah. Oh yeah.",neutral,,,neutral,default_neutral,0.4,No mappable emotion words found.,false
S0074,Stop making candy!,"Monica: Its unbelievable! I-I cant believe that sign didnt work! Tommy: You were gonna spill hot coffee all over me, huh?!! Chandler: Yknow what would work?",anger,annoyed|frustrated,annoyed|frustrated,anger,dictionary,0.8500000000000001,Dictionary majority vote over normalized emotion words.,false
S0073,"We did have fun, didn't we?","Rachel: It wouldn't have mattered anyway, Phoebe, you and I are, are gonna live together, we're roommates; that's the deal. Phoebe: Yes, but I wanted you to want to live with me, but okay, if you're having so much fun over here Rachel: Oh, it's so much more fun with you.",joy,affection|contentment,affection|contentment,neutral,heuristic_llm_fallback,0.55,"Unresolved words: affection, contentment; used text-level fallback.",false
S0075,"Umm, going to the beach. When it stays light real late.",Tommy: Huh? Rachel: Whats your favourite thing about summertime? Chandler: You mean they like you.,neutral,nostalgic|reflective,nostalgic|reflective,neutral,heuristic_llm_fallback,0.55,"Unresolved words: nostalgic, reflective; used text-level fallback.",false
S0076,What? We could do it!,"Rachel: Uh, wait, so you guys are telling me you actually did the routine from eighth grade? Monica: Yeah. But of course we had to update it a little bit.  Hey, by the way, great thinking about catching me! Rachel: Cos I was gonna say theres no way you couldve done the end the way you guys did it back then!",surprise,surprise|excitement,surprise|excitement,neutral,default_neutral,0.4,No mappable emotion words found.,false
S0077,"Eight and a half hours of aptitude tests, intelligence tests, personality tests... and what do I learn?","Monica: And y'know what, I get excited about stupid stuff, like when I my Rachel: My God! What happened to you? Julio: Whoa, whoa, whoa.",disgust,frustration|exhaustion,frustration|exhaustion,neutral,heuristic_llm_fallback,0.55,"Unresolved words: frustration, exhaustion; used text-level fallback.",false
S0078,"Why would you ruin it, who was that hurtin'?","Joey: Oh, ain't that nice? The three of you trying on slutty lingerie together. Woman: Really?! Rachel: That's not what we're gonna do!",disgust,confusion|disapproval,confusion|disapproval,neutral,heuristic_llm_fallback,0.55,"Unresolved words: confusion, disapproval; used text-level fallback.",false
S0079,"Well lets see, there was the guy with the ferrets, thats plural.","Rachel: What did, what did he say? Phoebe: Why, nobody good? Ross: Basically he told me to get over myself and just do it, ya know.",disgust,thoughtful|reflective,thoughtful|reflective,neutral,heuristic_llm_fallback,0.55,"Unresolved words: thoughtful, reflective; used text-level fallback.",false
S0080,"Well, I y'know, I was just, umm, I was just thinking and hoping, that umm, maybe youd want to get back together?",,fear,hopeful|nervous,hopeful|nervous,fear,hybrid_dictionary_plus_fallback,0.75,Dictionary majority vote over normalized emotion words.,false
S0081,"Well I, I don't know. Why?","Ross: No-no, he's, he's very docile. Ross: Does it?! Dr. Baldhara: Even if he were... cornered?",neutral,confusion|uncertainty,confusion|uncertainty,neutral,heuristic_llm_fallback,0.55,"Unresolved words: confusion, uncertainty; used text-level fallback.",false
S0082,What are you doing? We're going to a hospital.,"Monica: No, no! Give it to me! Ross: Yeah, save it for the cab, okay. Phoebe: You can't have it.",surprise,curious|urgent,curious|urgent,neutral,heuristic_llm_fallback,0.55,"Unresolved words: curious, urgent; used text-level fallback.",false
S0083,"Because with seahorses its the male, they carry the babies.","Rachel: You. Like you havent done enough. Ross: Look, I-I know how miserable you are, I wish there was something I can do. Ross: I mean I wish I were a seahorse.",neutral,reflective|explanatory,reflective|explanatory,neutral,heuristic_llm_fallback,0.55,"Unresolved words: reflective, explanatory; used text-level fallback.",false
S0084,I cant watch!,"Joey: All right, I know! I know. Yeah, itll be okay. Chandler: You know it? Rachel: Oh my God.Whats he gonna do now?",fear,distressed|shocked,distressed|shocked,surprise,hybrid_dictionary_plus_fallback,0.75,Dictionary majority vote over normalized emotion words.,false
S0085,"Seriously, how can you watch this?","Rachel: I cant watch! Chandler: Oh, sure, they love us over there. Rachel: Oh.",sadness,disgust|frustration,disgust|frustration,disgust,hybrid_dictionary_plus_fallback,0.75,Dictionary majority vote over normalized emotion words.,false
S0086,"Yeah, she clamed she had to go out of town suddenly.","Phoebe: She cancelled! My namesake cancelled on me! Rachel: Even when I found outumm, all right, well let's just say I found something out something about someone and let's just say she's gonna keep it. Joey: What?!",sadness,disappointment|frustration,disappointment|frustration,sadness,hybrid_dictionary_plus_fallback,0.75,Dictionary majority vote over normalized emotion words.,false
S0088,"But we haven't seen each other since then. Well I land in China, guess who's in charge of the dig.",,surprise,surprise|curiosity,surprise|curiosity,surprise,hybrid_dictionary_plus_fallback,0.75,Dictionary majority vote over normalized emotion words.,false
S0087,"Really?  My God, hes really cute.",Ross: Hi. Phoebe: Oh my God! That guy at the counter is totally checking you out!,surprise,surprise|admiration,surprise|admiration,surprise,hybrid_dictionary_plus_fallback,0.75,Dictionary majority vote over normalized emotion words.,false
S0089,Have fun.,"Director: Aw come on Joey, it's easy. Director: Y'know, it's hand, hand, head, head,  up, pas de bouree, pas de bouree, big turn here, grand sissone, sissone, sissone, slide back, step, step, step, and jazz hands! Joey: It's ah, step-ity, step and jazz hands.",neutral,encouraging|supportive,encouraging|supportive,neutral,heuristic_llm_fallback,0.55,"Unresolved words: encouraging, supportive; used text-level fallback.",false
S0090,"Phoebe, come on, you have to tell us.","Chandler: Why not? Phoebe: I cant say because hes famous. Rachel: Oh my God, who is it?!",anger,curiosity|impatience,curiosity|impatience,surprise,heuristic_llm_fallback,0.55,"Unresolved words: curiosity, impatience; used text-level fallback.",false
S0091,"Come here to me. No-no, you come here to me.",,neutral,urgent|demanding,urgent|demanding,neutral,heuristic_llm_fallback,0.55,"Unresolved words: urgent, demanding; used text-level fallback.",false
S0092,"Hey, hey, Yertle the Turtle. A classic.","Susan: Yes, I'm familiar with the concept. We can just look for it. Ross: Ok.  Wow, you guys sure have a lot of books about bein' a lesbian. Susan: Well, you know, you have to take a course. Otherwise, they don't let you do it.",joy,,,neutral,default_neutral,0.4,No mappable emotion words found.,false
S0093,"How could you pick up a hitchhiker?! He could be a rape, a rapist or a killer or something!",,fear,shock|alarm,shock|alarm,surprise,hybrid_dictionary_plus_fallback,0.75,Dictionary majority vote over normalized emotion words.,false
S0094,No!,"Joey: Dont you think I asked him that before he got in?! Emily: And then the florist phoned to say there arent any tulips. Phoebe: Yknow what? Im not talking to you! You go back to sleep!  And you, are you a rapist?!",anger,shock|defiance,shock|defiance,surprise,hybrid_dictionary_plus_fallback,0.75,Dictionary majority vote over normalized emotion words.,false
S0095,How rude.,"Chandler: Oh all right. Ross: Oh perfect, we were just gonna see if you wanted to go. Chandler: Oh well, we dont because we gottheother pl-place.",disgust,disapproval|annoyance,disapproval|annoyance,anger,hybrid_dictionary_plus_fallback,0.75,Dictionary majority vote over normalized emotion words.,false
S0096,"Oh no, no-no-no-no! I don't want to know!","Rachel: Okay. Okay. Okay. Joey, I have Joey: What-what is it, what is it? Rachel: Oh my God, it's so huge, but you just have to promise me that you cannot tell anyone.",fear,,,neutral,default_neutral,0.4,No mappable emotion words found.,false
S0097,And you're not supposed to be gossiping!!,"Rachel: Yes! Yes! Yes, you do want to know! This is unbelievable! Joey: I don't care, Rach! Look, I am tired of being the guy who knows all the secrets but can't tell anyone! Rachel: What? What secrets? You know secrets? What are they?",disgust,,,neutral,default_neutral,0.4,No mappable emotion words found.,false
S0098,Someone on the subway licked my neck! Licked my neck!!,,disgust,shock|disgust,shock|disgust,neutral,default_neutral,0.4,No mappable emotion words found.,false
S0099,"Oh, heres a great one.","Joey: Tequila!! Chandler: I dont know what it is, I just cant take a good picture. Phoebe: That's fun.",joy,excitement|anticipation,excitement|anticipation,joy,hybrid_dictionary_plus_fallback,0.75,Dictionary majority vote over normalized emotion words.,false
S0100,"Oh, this life! Oh okay no, Chandler's is worse.","Ross: In Man: Oh uh, up or down? Ross: Please!",sadness,frustration|exasperation,frustration|exasperation,neutral,heuristic_llm_fallback,0.55,"Unresolved words: frustration, exasperation; used text-level fallback.",false
S0102,"I know, butcome on, man, she's needy, she's vulnerable.","Joey: The only reason she's goin' out with me is because I said I could bring a friend for her friend. Chandler: Yes, I know, but her friend sounds like such a... Joey: Pathetic mess?",neutral,frustrated|defensive,frustrated|defensive,anger,hybrid_dictionary_plus_fallback,0.75,Dictionary majority vote over normalized emotion words.,false
S0101,"Man, it must be so cool remembering stuff like that! I don't have any past life memories.","Phoebe: Oh, this life! Oh okay no, Chandler's is worse. Phoebe: Oh down please.  I-I hate to be a ball buster can I just do it? Ross: Are you kidding?",joy,curiosity|wistfulness,curiosity|wistfulness,neutral,heuristic_llm_fallback,0.55,"Unresolved words: curiosity, wistfulness; used text-level fallback.",false
S0103,"Look, we have enough, just walk away.",Monica: What?  Why? Rachel: No. Ross: There's something new in the bowl.,fear,urgent|determined,urgent|determined,neutral,heuristic_llm_fallback,0.55,"Unresolved words: urgent, determined; used text-level fallback.",false
S0104,"No look, I-Im sure that people know you exist!",,sadness,uncertainty|hesitation,uncertainty|hesitation,neutral,heuristic_llm_fallback,0.55,"Unresolved words: uncertainty, hesitation; used text-level fallback.",false
S0105,"Well, she graduated from high school!","Phoebe: ThatIts not the same thing! This is Joey: Okay, well my girl from the other night was special. She was a scientist too! Phoebe: She was?",anger,surprise|interest,surprise|interest,surprise,hybrid_dictionary_plus_fallback,0.75,Dictionary majority vote over normalized emotion words.,false
S0106,"So Ross, what your problem?","Phoebe: Dont worry about me, Im a robot! Im just a machine!! Janice: Oh,  I wish. No, you know he was just trying Ross's Hug and Roll thing. Ross: Of course, of course, Mr. Stevens.",anger,curious|concerned,curious|concerned,neutral,heuristic_llm_fallback,0.55,"Unresolved words: curious, concerned; used text-level fallback.",false
S0107,Thats funny. Umm.  Its not funny.,Ross: Eh-whExcuse me? Joey: What? Paul: Why cant you get a girlfriend your own age?,fear,confusion|hesitation,confusion|hesitation,neutral,heuristic_llm_fallback,0.55,"Unresolved words: confusion, hesitation; used text-level fallback.",false
S0108,"Y'know what, I want to talk to you about this so much, but we should probably do it when we could really get into it, are you free for dinner tomorrow night?","Ross: Cause you know love lasts forever, y'know. Ross: Nothing like it in this lifetime, money in the bank, so Rachel and I broke up. Carol: Oh God, Ross I am so sorry.",neutral,concern|empathy,concern|empathy,neutral,heuristic_llm_fallback,0.55,"Unresolved words: concern, empathy; used text-level fallback.",false
S0110,"So, eight days late huh?","Rachel: Okay. Phoebe Sr: Take it easy--if you want, theres cookies on the counter, or, or--sangria!  I can make sangria! Phoebe: Oh yeah, I'm sure.  And all of a sudden his hands weren't the problem anymore.",surprise,curious|concerned,curious|concerned,neutral,heuristic_llm_fallback,0.55,"Unresolved words: curious, concerned; used text-level fallback.",false
S0109,"I know you cant stand to be in the same room as me, so I just thought Id try and apologize over the phone.","Joey: Hello. Chandler: Hey, its me.",sadness,apologetic|resigned,apologetic|resigned,neutral,heuristic_llm_fallback,0.55,"Unresolved words: apologetic, resigned; used text-level fallback.",false
S0112,Guys?,"Dr. Long: Okay, theres an herbal tea you can drink. Phoebe: Yeah, no, it was great. Ross: It's your moral obligation, as a friend, as a woman, I think it's a feminist issue!",anger,inquisitive|persuasive,inquisitive|persuasive,joy,heuristic_llm_fallback,0.55,"Unresolved words: inquisitive, persuasive; used text-level fallback.",false
S0111,"Oh, what? What was it?","Dr. Long: It still could last a little while longer. Phoebe Sr: Ohh, well. Y'know we were always together, in fact the had a nickname for the three of us. Ross: The actress!",surprise,confusion|curiosity,confusion|curiosity,neutral,heuristic_llm_fallback,0.55,"Unresolved words: confusion, curiosity; used text-level fallback.",false
S0113,We didnt have sex.,"Eric: Uh, the sex. Phoebe: What sex? Eric: Our sex.",surprise,playful|amused,playful|amused,joy,hybrid_dictionary_plus_fallback,0.75,Dictionary majority vote over normalized emotion words.,false
S0114,Ew! Ew! Ew! Ew! Ew! Ew!,"Eric: Our sex. Phoebe: We didnt have sex. Eric: Well if I didnt have sex with you, I had sex with someone that looked an awful lot like",disgust,disgust|annoyance,disgust|annoyance,neutral,default_neutral,0.4,No mappable emotion words found.,false
S0116,Because Im not going to spend one more day with someone whose out to sabotage my every move.,"Jill: All right, Im leaving!",anger,anger|determination,anger|determination,anger,hybrid_dictionary_plus_fallback,0.75,Dictionary majority vote over normalized emotion words.,false
S0115,"Oh, come on!","Ross: When did I say you were boring?! Phoebe: Oh my God, I remember now! We were playing chess! Ross: Phoebe! You and I have",joy,annoyance|amusement,annoyance|amusement,neutral,default_neutral,0.4,No mappable emotion words found.,false
S0117,"No, I mean it. There are so few genuinely nice guys out there.","Ross: Oh, thank you. Mona: That is so sweet! Joey: Yeah.",anger,appreciation|sincerity,appreciation|sincerity,neutral,heuristic_llm_fallback,0.55,"Unresolved words: appreciation, sincerity; used text-level fallback.",false
S0118,"Listen uh, could you put Kathy on, I wanna apologize.","Joey: Yeah, it mustve fallen out a few blocks back. I just figured we hit a dog. Chandler: Okay.",sadness,apologetic|urgent,apologetic|urgent,neutral,heuristic_llm_fallback,0.55,"Unresolved words: apologetic, urgent; used text-level fallback.",false
S0120,Score! Where are the disposable cameras?,Ross: Why not? Its built into the price of the room. Chandler: Yeah but you dont needWhat is this? Ross: Thread!,joy,excited|curious,excited|curious,joy,hybrid_dictionary_plus_fallback,0.75,Dictionary majority vote over normalized emotion words.,false
S0119,"Mon, look at yourself. You have cookie on your neck.","Monica: No, just, just, just a couple more boxes. Monica: It-it-its no big deal, all right, Im-Im cool. Monica: You gotta help me out with a couple more boxes!",disgust,amused|teasing,amused|teasing,joy,hybrid_dictionary_plus_fallback,0.75,Dictionary majority vote over normalized emotion words.,false
S0122,Let me think. Let me thinkOh! I dont care.,"Ross: Yknow what? Youre just upset because youre losing. Chandler: Oh come on Ross, I think were all losers here. Joey: All right. Chandler, you can either spin the wheel or pick a Google card.",anger,indifferent|frustrated,indifferent|frustrated,neutral,default_neutral,0.4,No mappable emotion words found.,false
S0121,Yknow what? You are right?!,"Ross: Is that so? Rachel: Oh my God!! Do it!! Honey, youve waited Rachel: Yeah.",surprise,surprise|realization,surprise|realization,surprise,hybrid_dictionary_plus_fallback,0.75,Dictionary majority vote over normalized emotion words.,false
S0123,"Aww, is it broken?",Rachel: I didn't know there were docks. Joey: Hey. Chandler: Hey.,sadness,concern|sympathy,concern|sympathy,neutral,heuristic_llm_fallback,0.55,"Unresolved words: concern, sympathy; used text-level fallback.",false
S0124,Oh thats five Ross. Five women have had five babies! And I have had no babies! Why doesnt she want to come out?,,sadness,frustration|envy,frustration|envy,neutral,heuristic_llm_fallback,0.55,"Unresolved words: frustration, envy; used text-level fallback.",false
S0125,"Im, Im sorry you didnt get to go to Spacecamp, and Im hoping that maybe somehow, this may make up for it.",,sadness,sympathy|hopefulness,sympathy|hopefulness,neutral,heuristic_llm_fallback,0.55,"Unresolved words: sympathy, hopefulness; used text-level fallback.",false
S0126,"Oh, I cant watch this.","Chandler: Run! Run you crazy, rich freak! Joey: I, ah, I never said hate, I was very careful about that. Joey: Wow! This looks great!",fear,disgust|aversion,disgust|aversion,disgust,hybrid_dictionary_plus_fallback,0.75,Dictionary majority vote over normalized emotion words.,false
S0127,Intense and creepy.,Phoebe: They don't see all the good stuff and all the sweet stuff. Phoebe: They just think you're a little... Roger: What?,neutral,intense|creepy,intense|creepy,neutral,heuristic_llm_fallback,0.55,"Unresolved words: intense, creepy; used text-level fallback.",false
S0128,You sure?,Mark: Right here! Rachel: Oh God. Im sorry about this. Mark: Thats okay.,joy,,,neutral,default_neutral,0.4,No mappable emotion words found.,false
S0129,"We could, or we can have sex in it.","Chandler: Should we tell Rachel theres an empty private room right next door to hers? Ross: Hi!  Hi!  Hi. Has umm, anyone seen Chandler? Kate: Happy?! Is that what Im supposed to be Vic? Happy?",joy,flirtatious|playful,flirtatious|playful,joy,heuristic_llm_fallback,0.55,"Unresolved words: flirtatious, playful; used text-level fallback.",false
S0130,"Ross Geller, why do I know that name? Its uhWait!  Did you write this?","Ross: Im so proud of you. Ross: Im a professor here uh, RossGeller. Rachel: Me too!",surprise,surprise|curiosity,surprise|curiosity,surprise,hybrid_dictionary_plus_fallback,0.75,Dictionary majority vote over normalized emotion words.,false
S0131,"Good-good, dont tell him. Dont tell him. Just have him call me okay?",Joey: Yeah! Ask them if they brought their friends any souvenirs! Joey: I didnt tell him. I didnt know if you were telling people. This is back when I thought Kash was still people. Monica: Hello?  Eighth street deli?,fear,cautious|urgent,cautious|urgent,neutral,heuristic_llm_fallback,0.55,"Unresolved words: cautious, urgent; used text-level fallback.",false
S0132,Youre Erwins daughter?!,"Phoebe: Are you ah, Phoebe Abott? Phoebe Sr: Ahh, yes. Phoebe: Hi Phoebe Abott, Im your best friends daughter!",surprise,surprise|curiosity,surprise|curiosity,surprise,hybrid_dictionary_plus_fallback,0.75,Dictionary majority vote over normalized emotion words.,false
S0134,"If we broke up, and I lost you...","Ross: Look, I-I've been in love with you since, like, the ninth grade. Rachel: Ross, you're like my best friend. Ross: I know.",fear,fear|desperation,fear|desperation,neutral,heuristic_llm_fallback,0.55,"Unresolved words: fear, desperation; used text-level fallback.",false
S0133,Maybe she can give me a pill or something.,"Rachel: Ah. Phoebe: Yeah. Rachel: I go see my doctor tomorrow, Ill ask her about this.",neutral,,,neutral,default_neutral,0.4,No mappable emotion words found.,false
S0135,Thank God.,"Ross: Hello?  No she cant come to the phone right now.  Oh, right no problem. Okay, bye-bye. Phoebe: Was it my work? Were they mad? Was it Jack? Did he yell?! Ross: J-j-just relax, nobody yelled. Jack just was calling to make sure that",joy,relief|anxiety,relief|anxiety,fear,hybrid_dictionary_plus_fallback,0.75,Dictionary majority vote over normalized emotion words.,false
S0136,"...DUMB, DRUNKEN, BITCH!!!   Thank you, thanks.",,anger,anger|mockery,anger|mockery,anger,hybrid_dictionary_plus_fallback,0.75,Dictionary majority vote over normalized emotion words.,false
S0137,No it's not. It's small. It's tiny. It's petite. It's wee.,"Rachel: I mean, this is unbelievable. Phoebe: I know. This is really, really huge.",neutral,playful|exaggerated,playful|exaggerated,neutral,heuristic_llm_fallback,0.55,"Unresolved words: playful, exaggerated; used text-level fallback.",false
S0138,"OK, is there a mute button on this woman?","Rachel: I mean, this is unbelievable. Phoebe: I know. This is really, really huge. Chandler: No it's not. It's small. It's tiny. It's petite. It's wee.",disgust,frustration|exasperation,frustration|exasperation,neutral,heuristic_llm_fallback,0.55,"Unresolved words: frustration, exasperation; used text-level fallback.",false
S0140,Mazel tov!,"Monica: I'm only 26, I'm not even thinking about babies yet. Chandler: Where have you been? Joey: Oh, just had a baby.",joy,surprise|amusement,surprise|amusement,neutral,default_neutral,0.4,No mappable emotion words found.,false
S0139,Look confident.,"Joey: I can tell her how I feel. Joey: Just uh, just stand up straight. Joey: Take a couple deep breaths.",fear,nervous|uncertain,nervous|uncertain,fear,hybrid_dictionary_plus_fallback,0.75,Dictionary majority vote over normalized emotion words.,false
S0142,"Yeah, all of us! All day!","Joey: All right, well, we felt really bad about that so we decided we should all take a little trip together! Phoebe: Ohh, that's so nice! How great! Well, where? Where's the trip?! Monica: Well, we thought we would all go to a picnic , in Central Park!",joy,excited|enthusiastic,excited|enthusiastic,joy,hybrid_dictionary_plus_fallback,0.75,Dictionary majority vote over normalized emotion words.,false
S0141,Somebody seems to be missing being the hostess.,"Rachel: Oh, great. Although I did sit down where there wasnt a chair. Monica: The players. Monica: By the way, Ross dropped by a box of your stuff.",neutral,nostalgic|reflective,nostalgic|reflective,fear,heuristic_llm_fallback,0.55,"Unresolved words: nostalgic, reflective; used text-level fallback.",false
S0143,"Wait until uh, wait until the first time your baby grabs your finger.","Ross: Yeah I know. Ross: On the other hand in um, in about seven months youre gonna have something that youre gonna love more than any guy youve ever gone out with. Ross: Just wait.",joy,anticipation|reflection,anticipation|reflection,surprise,heuristic_llm_fallback,0.55,"Unresolved words: anticipation, reflection; used text-level fallback.",false
S0144,"This is such a great party! 35 years. Very impressive, do you guys have any pearls of wisdom?",Mrs. Geller: Hi Ross: Hi!  Hey mom.,joy,,,neutral,default_neutral,0.4,No mappable emotion words found.,false
S0146,Lets get the show on it!,,joy,enthusiastic|energetic,enthusiastic|energetic,neutral,heuristic_llm_fallback,0.55,"Unresolved words: enthusiastic, energetic; used text-level fallback.",false
S0145,Thank youwere so excited,"Mr. Geller: Why would you serve food on such a sharp stick? Ross: Thats a good question, dad. Thats a good question an: Congratulations you two!",joy,gratitude|excitement,gratitude|excitement,joy,hybrid_dictionary_plus_fallback,0.75,Dictionary majority vote over normalized emotion words.,false
S0148,"""Oh my God, I cant find a boyfriend!","Rachel: ""Im Monica, I dont get phone messages from interesting people. Ever!"" Phoebe: Hey! I call her! Monica: ""Oh my God, I love Ross! I hate Ross! I love Ross! I hate Ross!""",anger,frustration|desperation,frustration|desperation,surprise,heuristic_llm_fallback,0.55,"Unresolved words: frustration, desperation; used text-level fallback.",false
S0147,Youre our age!,"Joey: Oh, and Mississ-Pete is? Pete: I got to go, so ah, Ill see you guys later. All: Okay.",surprise,surprise|curiosity,surprise|curiosity,surprise,hybrid_dictionary_plus_fallback,0.75,Dictionary majority vote over normalized emotion words.,false
S0149,"Yes it is! From now on, I have no first name.","Rachel: Okay. Monica: No, Phoebe, Ill tell you what, if you get ready now Ill let you play it at the wedding. Joey: Its not that bad.",anger,assertive|determined,assertive|determined,neutral,heuristic_llm_fallback,0.55,"Unresolved words: assertive, determined; used text-level fallback.",false
S0150,"Ok, look! Enough is enough!","Mike: Ok, so it's a tie again, 41 to 41.",anger,frustration|exhaustion,frustration|exhaustion,anger,heuristic_llm_fallback,0.55,"Unresolved words: frustration, exhaustion; used text-level fallback.",false
S0151,"Yeah, that'd be great. I'd love it.","Julie: Oy. Rachel: Um, ok, uh, oh god, um, when you and uh Ross first started going out, it was really hard for me, um, for many reasons, which I'm not gonna bore you with now, but um, I just, I see how happy he is, you know, and how good you guys are together, and um, Monica's always saying how nice you are, and god I hate it when she's right. Julie: Thanks. Hey, listen, would you like to go to a movie sometime or something?",joy,grateful|happy,grateful|happy,joy,dictionary,0.8500000000000001,Dictionary majority vote over normalized emotion words.,false
S0152,"Are you serious?! Chandler, we ate an entire cheesecake two days ago and you want more?","Chandler: Another cheesecake came! They delivered it to the wrong address again! Rachel: So just bring it back downstairs, whats the problem? Chandler: I cant seem to say goodbye.",surprise,frustration|exasperation,frustration|exasperation,anger,heuristic_llm_fallback,0.55,"Unresolved words: frustration, exasperation; used text-level fallback.",false
S0154,You ordered a stripper for the shower?! That is totally inappropriate!,"Phoebe: Oh, I told the stripper to be here at five. Thats good right?",anger,shock|disapproval,shock|disapproval,surprise,hybrid_dictionary_plus_fallback,0.75,Dictionary majority vote over normalized emotion words.,false
S0153,"No I know, because to be a grandmother you have to be married and have children and I dont have any of those things.","Chandler: No-no-no-no! That was the joke! Rachel: No, I know! I get it! Its funny! Chandler: No, because youre not a grandmother!",sadness,,,neutral,default_neutral,0.4,No mappable emotion words found.,false
S0156,What?! Oh my...  Oh my God!! What happened?!,Ross: Yeah. Phoebe: Hey! Monica: I tried to reach you at work. Theres....been a fire.,surprise,shock|concern,shock|concern,surprise,hybrid_dictionary_plus_fallback,0.75,Dictionary majority vote over normalized emotion words.,false
S0155,"No, I dont think well be doing that.",,disgust,doubtful|resigned,doubtful|resigned,neutral,heuristic_llm_fallback,0.55,"Unresolved words: doubtful, resigned; used text-level fallback.",false
S0158,"Okay, okay, but Rachels gonna be here too, cant I just ask her this stuff?","Monica: Where are we gonna find a tiny little hat? Monica: Okay, if you need the vacuum, its in my closet on the left-hand side. Ah, the garbage bags are next to the refrigerator Rachel: Bye.",neutral,hesitant|curious,hesitant|curious,neutral,heuristic_llm_fallback,0.55,"Unresolved words: hesitant, curious; used text-level fallback.",false
S0157,The Mr. Bowmonts here!!!,Monica: Why?! To celebrate your relationship! To solidify your commitment! To declare your love for one another to the world! Chandler: Eh Monica: Okay well thats good to know.,joy,surprise|excitement,surprise|excitement,neutral,default_neutral,0.4,No mappable emotion words found.,false
S0159,How do you know?,The Fireman: We found your fire alarm in the trash chute. Phoebe: Thats not mine. The Fireman: Yes it is.,fear,confusion|defensiveness,confusion|defensiveness,neutral,heuristic_llm_fallback,0.55,"Unresolved words: confusion, defensiveness; used text-level fallback.",false
S0160,"The next time you want to dump a fire alarm in a trash chute, dont wrap it in a blanket that says, ""Property of Phoebe Buffay not Monica.""",Phoebe: Thats not mine. The Fireman: Yes it is. Phoebe: How do you know?,disgust,assertive|amused,assertive|amused,joy,hybrid_dictionary_plus_fallback,0.75,Dictionary majority vote over normalized emotion words.,false
S0162,Yeah. What-what should I do?,"Susan: Yeah? Well, there's a lot of things Carol never did before I came along. Chandler: Uhh, 9. Monica: Well Ross, you be careful now. You dont want to get a reputation as yknow Professor McNailshisstudents.",fear,confusion|uncertainty,confusion|uncertainty,neutral,heuristic_llm_fallback,0.55,"Unresolved words: confusion, uncertainty; used text-level fallback.",false
S0161,Hi.,Rachel: Remember when we went to Central Park and rented boats?.. That was fun. Ross: Yeah. He could row like a viking.,neutral,greeting|smiling,greeting|smiling,neutral,heuristic_llm_fallback,0.55,"Unresolved words: greeting, smiling; used text-level fallback.",false
S0164,Wo-women? You mean like old women?,Tag: Oh yeah! We went to the Knicks game. Rachel: Ohh thats nice. Tag: Then we went to this bar and he hooked us up with all these women!,disgust,confusion|disapproval,confusion|disapproval,neutral,heuristic_llm_fallback,0.55,"Unresolved words: confusion, disapproval; used text-level fallback.",false
S0163,"Come on man, you-you got to give me a second chance!","Joey: Umm, all right Wayne, level with me. Joey: I-I keep hearing all these rumors that I might get fired. Joey: Okay, they even have actors coming in to read for my part!",sadness,desperation|appeal,desperation|appeal,surprise,heuristic_llm_fallback,0.55,"Unresolved words: desperation, appeal; used text-level fallback.",false
S0166,"I cant, youre a totally different person to me now.","Ross: Without, without these arms, and your face, and this heart. Ross: Your good heart Rach,  and, and.... Rachel: No.",sadness,sadness|resignation,sadness|resignation,sadness,hybrid_dictionary_plus_fallback,0.75,Dictionary majority vote over normalized emotion words.,false
S0165,"Your good heart Rach,  and, and....","Ross: Look, look, theres got to be a way we can work past this. Ross: Okay,  I cant imagine, I cant imagine my life without you. Ross: Without, without these arms, and your face, and this heart.",sadness,affection|intimacy,affection|intimacy,neutral,heuristic_llm_fallback,0.55,"Unresolved words: affection, intimacy; used text-level fallback.",false
S0168,She-she thinks that youre just using me.,"Ross: Good-bye. Ross: Whoa! Ross: Uh, that was your sister actually.",neutral,confusion|defensiveness,confusion|defensiveness,neutral,heuristic_llm_fallback,0.55,"Unresolved words: confusion, defensiveness; used text-level fallback.",false
S0167,There will come a time in each of your careers when youll have a chance to screw over another soap opera actor.,,neutral,confident|contemplative,confident|contemplative,neutral,heuristic_llm_fallback,0.55,"Unresolved words: confident, contemplative; used text-level fallback.",false
S0170,Im sorry.,"Ross: All right, Im-Im not English. Ross: Im from Long Island. Ross: I was really nervous and the accent just uh, just came out.",sadness,apologetic|nervous,apologetic|nervous,fear,hybrid_dictionary_plus_fallback,0.75,Dictionary majority vote over normalized emotion words.,false
S0169,What?!,"Phoebe: Im sorry. Phoebe Sr: What are you doing here?! Phoebe: I-I, came to fill your ice cube trays.",surprise,shock|confusion,shock|confusion,surprise,hybrid_dictionary_plus_fallback,0.75,Dictionary majority vote over normalized emotion words.,false
S0172,"Hey, if Little Joey's dead, then I got no reason to live!",Monica: ..Excuse me? Judge: Now it also says here that you lied about your sexual preference before marriage? Dina: And youre my big brother!,sadness,despair|grief,despair|grief,neutral,heuristic_llm_fallback,0.55,"Unresolved words: despair, grief; used text-level fallback.",false
S0171,"See, there's always one guy.  ""If I had a wish, I'd wish for three more wishes.""","Chandler: Uh, if I were omnipotent for a day, I'd.. make myself omnipotent forever. Judge: And based on the fact that Mr. Geller is intravenous drug user. Dina: But I really think I can do it, Im just gonna need some help.",disgust,sarcastic|amused,sarcastic|amused,joy,hybrid_dictionary_plus_fallback,0.75,Dictionary majority vote over normalized emotion words.,false
S0173,"Seriously, our sex life I was thinking, maybe I dont know, we could try some-some new things.",Ross: Yay! Ben: Yay! Ross: Yay!,neutral,tentative|curious,tentative|curious,neutral,heuristic_llm_fallback,0.55,"Unresolved words: tentative, curious; used text-level fallback.",false
S0174,Nah!,"Carol: Like what? Ross: Well I dont know umm,  what if we were too tie each other up? Ross: Umm, some people eat stuff off one another.",disgust,dismissive|playful,dismissive|playful,neutral,heuristic_llm_fallback,0.55,"Unresolved words: dismissive, playful; used text-level fallback.",false
S0175,"What, Phoebe, did you whip the potatoes? Ross needs lumps!",,anger,,,neutral,default_neutral,0.4,No mappable emotion words found.,false
S0176,"Nice to meet you. I wish you'd told me we were having company, I'd fix myself up!","Rachel: You're sister? You're sister's asleep on the couch?  Ohhh! I saw Danny: Oh hey, great, you're up. Rachel, this is my sister Krista. Krista, this is Rachel. Rachel: Hi!",surprise,surprise|apologetic,surprise|apologetic,surprise,hybrid_dictionary_plus_fallback,0.75,Dictionary majority vote over normalized emotion words.,false
S0177,What do you mean?,"Janine: Hey! Youre a good dancer! Joey: Really? Janine: Yeah, well youd be better if you just loosened your hips a little.",neutral,confusion|curiosity,confusion|curiosity,neutral,heuristic_llm_fallback,0.55,"Unresolved words: confusion, curiosity; used text-level fallback.",false
S0178,"I dont see it.  You are dancing with the tall guy over there. Tall guy, raise your hand!","Joey: Uh-huh. Director: Okay, youre dancing with that girl over there. Joey: No-no-no-no-no we came together!",neutral,assertive|directive,assertive|directive,neutral,heuristic_llm_fallback,0.55,"Unresolved words: assertive, directive; used text-level fallback.",false
S0179,"Then I look down, and I realize there's a phone... there.","Chandler: Alright, so I'm back in high school, I'm standing in the middle of the cafeteria, and I realize I am totally naked. All: Oh, yeah. Had that dream.",surprise,,,neutral,default_neutral,0.4,No mappable emotion words found.,false
S0180,"Listen, I ah, I gotta say good bye, and-and I gotta say it quick cause this is killing me.","Ross: Sweetie thats it. Joey: Yeah, I guess it is. Rachel: Thats it? Well I saw that! Ohh-ohh-oh, thank you.",sadness,sadness|urgency,sadness|urgency,sadness,hybrid_dictionary_plus_fallback,0.75,Dictionary majority vote over normalized emotion words.,false
S0181,Yes.  Youre not asking are you?,"Monica: What if I asked? Rachel: Oh, Mon, sure. Monica: Really?",surprise,skepticism|caution,skepticism|caution,neutral,heuristic_llm_fallback,0.55,"Unresolved words: skepticism, caution; used text-level fallback.",false
S0182,"Og-ee-op, Im not asking for me, Im I mean No, Im-Im not gay, Im not asking you out.","Phoebe: See, I-I think that one that Elton John wrote for, um, that guy on Chandler: We were playing Gin? Y'know if we were a couple, we could play this game naked. Chandler: Are you seeing anybody right now?",fear,defensive|embarrassed,defensive|embarrassed,neutral,heuristic_llm_fallback,0.55,"Unresolved words: defensive, embarrassed; used text-level fallback.",false
S0184,Say it!,"Rachel: Oh, of course! Phoebe: Chuck Woolery? Rachel: Definitely! Phoebe, you will not find a single game show host, whos ass I cannot kick.",joy,assertive|intense,assertive|intense,neutral,heuristic_llm_fallback,0.55,"Unresolved words: assertive, intense; used text-level fallback.",false
S0183,Oh fine.,"Monica: You wanna go right now? 'Cause I'll take you right now, buddy! You wanna go?",neutral,resigned|reluctant,resigned|reluctant,neutral,heuristic_llm_fallback,0.55,"Unresolved words: resigned, reluctant; used text-level fallback.",false
S0186,My foot is stuck in the pocket.,"Ross: Wait, wait, wait, wait, wait. Phoebe: Okay, its okay. Ross: Wait, wait, wait.",sadness,frustration|confusion,frustration|confusion,surprise,heuristic_llm_fallback,0.55,"Unresolved words: frustration, confusion; used text-level fallback.",false
S0185,"Because youre still seeing him and uh, hes a good guy.","Joey: No-no, stay right there.  Gettin closer. Chandler: Right! Monica: What are you doing?",sadness,amused|smiling,amused|smiling,joy,hybrid_dictionary_plus_fallback,0.75,Dictionary majority vote over normalized emotion words.,false
S0187,"Oh, stop beating yourself up!",Chandler: I cant believe I did this! What an idiot!,sadness,supportive|reassuring,supportive|reassuring,neutral,heuristic_llm_fallback,0.55,"Unresolved words: supportive, reassuring; used text-level fallback.",false
S0188,You two will have very hairy children.,"Ross: Okay, look, I-I know what you guys are going to say",disgust,sarcastic|mocking,sarcastic|mocking,neutral,heuristic_llm_fallback,0.55,"Unresolved words: sarcastic, mocking; used text-level fallback.",false
S0189,"Oh, it's so romantic to send people off on their honeymoon.",,joy,nostalgic|affectionate,nostalgic|affectionate,neutral,heuristic_llm_fallback,0.55,"Unresolved words: nostalgic, affectionate; used text-level fallback.",false
S0190,You don't think they'll judge and ridicule me?,"Julie: Oh, thanks, sweetie. Ross: No problem. I cannot wait for you to meet my friends. Julie: Really?",fear,anxiety|uncertainty,anxiety|uncertainty,fear,hybrid_dictionary_plus_fallback,0.75,Dictionary majority vote over normalized emotion words.,false
S0191,"Look, not that I enjoy talking about people who I went to high school with, cause I do, but umm, maybe we could talk about something else?","Monica: Hey! Chip: ...and then Zana, just let one rip!! Stevens: Oh, excuse me. I forgot my briefcase y'know, by accident.",disgust,hesitant|polite,hesitant|polite,neutral,heuristic_llm_fallback,0.55,"Unresolved words: hesitant, polite; used text-level fallback.",false
S0192,"Ye-ye-yeah, yes I do!","Phoebe: Ohh, Monica, I am so excited for you. Chandler: No. No, not at all, thats-thats ridiculous. Doug: Everybody else got one, and you want one too. Dont you?",sadness,mocking|amused,mocking|amused,joy,hybrid_dictionary_plus_fallback,0.75,Dictionary majority vote over normalized emotion words.,false
S0194,"Oh, well, thanks, but, I'm okay, really.","Rachel: Nooo! Rachel: Hello? Rachel: Oh, yeah, no, I know, I-I haven't been using it much.",joy,relieved|guarded,relieved|guarded,joy,hybrid_dictionary_plus_fallback,0.75,Dictionary majority vote over normalized emotion words.,false
S0193,"Now get on out of here, you!","Chandler: No. No, not at all, thats-thats ridiculous. Doug: Everybody else got one, and you want one too. Dont you? Chandler: Ye-ye-yeah, yes I do!",joy,aggressive|assertive,aggressive|assertive,neutral,heuristic_llm_fallback,0.55,"Unresolved words: aggressive, assertive; used text-level fallback.",false
S0195,Yes! Great! Give me those cigs! Give it! Give it!,"Rachel: We can get--what are those--those patches! Rachel: We could be like the Patch Sisters! Kim: Oh y'know, we really should quit. Okay, let's quit!",joy,,,neutral,default_neutral,0.4,No mappable emotion words found.,false
S0196,"I mean, what the hell is that thing?","Chandler: Like Joey's constant knuckle-cracking isn't annoying? Chandler: And Ross, with his over-pronouncing every single word? Chandler: And Monica, with that snort when she laughs?",disgust,confusion|annoyance,confusion|annoyance,anger,hybrid_dictionary_plus_fallback,0.75,Dictionary majority vote over normalized emotion words.,false
S0198,"Oh well thats what I thought about my first husband, now Im lucky if my kid gets to spend the weekend with her father and the twins and little Ms. New Boobs.","Rachel: Well then he gets a divorce, its Ross! Janice: Im telling you Rachel, listen to Janice. They all say theyre gonna be there until they start their real family. Rachel: Well IThats never gonna happen with Ross.",disgust,disappointment|resignation,disappointment|resignation,sadness,hybrid_dictionary_plus_fallback,0.75,Dictionary majority vote over normalized emotion words.,false
S0197,You gotta take care of yourselves!,"Phoebe: Yeah, uh-huh. Phoebe: Yeah, oh, ""Your mom probably won't kill herself,"" yknow? Phoebe: I'm sorry, but I'm not hanging all my hopes of Rachel and I living together on-on ""Probably!""",neutral,concern|advice,concern|advice,neutral,heuristic_llm_fallback,0.55,"Unresolved words: concern, advice; used text-level fallback.",false
S0199,"So you might say, its a magic ring.","Ross: That ring? When my grandmother first came to this country, that ring and the clothes on her back were all she had with her. Chandler: So you might say, the ring is irreplaceable? Ross: Oh absolutely! It has been in my family for generations, and every bride who has worn it has had a long and happy life.",joy,reflective|empathetic,reflective|empathetic,joy,heuristic_llm_fallback,0.55,"Unresolved words: reflective, empathetic; used text-level fallback.",false
S0200,"Well, I-I said yes.",Monica: Is he crazy?! You just had Ross’s baby!,fear,,,neutral,default_neutral,0.4,No mappable emotion words found.,false
S0201,Oh my God Monica!,Phoebe: So-so you two were married huh? What happened? You just drift apart? Mrs. Geller: Here comes the bride.,surprise,surprise|admiration,surprise|admiration,surprise,hybrid_dictionary_plus_fallback,0.75,Dictionary majority vote over normalized emotion words.,false
S0202,Well then we still have a problem.,"Rachel: You guys! It was bananas, cream, and beef! I-I just cannot believe that you ate that so that I wouldnt feel bad! Chandler: So, you stole my joke, and you stole my money. Chandler: Sorry, I just dont like the idea of when I say ""I do,"" hes thinking, ""Yeah, Id do her too!""",neutral,concern|frustration,concern|frustration,neutral,heuristic_llm_fallback,0.55,"Unresolved words: concern, frustration; used text-level fallback.",false
S0203,"Well, Chandler and I are in a bar",Monica: What happened in Atlantic City?!,neutral,casual|neutral,casual|neutral,neutral,dictionary,0.8500000000000001,Dictionary majority vote over normalized emotion words.,false
S0204,You think?,"Ross: He could never get a woman like that in a million years. Phoebe: Oh, oh, but y'know, you always see these really beautiful women with these really nothing guys, you could be one of those guys. Monica: You could do that!",surprise,skepticism|curiosity,skepticism|curiosity,neutral,heuristic_llm_fallback,0.55,"Unresolved words: skepticism, curiosity; used text-level fallback.",false
S0205,Wow!,,surprise,surprise|awe,surprise|awe,surprise,hybrid_dictionary_plus_fallback,0.75,Dictionary majority vote over normalized emotion words.,false
S0206,I thought they could...I'll try to get back as soon as I can. I'm sorry.,"Ross: So, um, what do you do for a living? Kristin: Well, um, for the past few years I've been working.....which is funny because, that wasn't even my major. Carol: Oh no. I thought you said they could shoot the spot without you.",sadness,apologetic|hurried,apologetic|hurried,neutral,heuristic_llm_fallback,0.55,"Unresolved words: apologetic, hurried; used text-level fallback.",false
S0208,"Oh, no no no. I'm fine. I'm fine.","Ross: Cause she's, she's alone now, and pregnant, and, and sad. Kristin: I guess. Ross: Are you sure? Great. Carol? Wanna come over and join us?",neutral,dismissal|unease,dismissal|unease,sadness,heuristic_llm_fallback,0.55,"Unresolved words: dismissal, unease; used text-level fallback.",false
S0207,"Cause she's, she's alone now, and pregnant, and, and sad.","Susan: I thought they could...I'll try to get back as soon as I can. I'm sorry. Ross: Now that is funny. Ross: Hey, do you think...would it be too weird if I invited Carol over to join us?",sadness,sympathy|concern,sympathy|concern,sadness,heuristic_llm_fallback,0.55,"Unresolved words: sympathy, concern; used text-level fallback.",false
S0210,"I mean, I mean I was gonna be homeless.","Joey: Oh, Im sorry. Thank you Chandler. Rachel: Anyway, theres this big charity ball this weekend and Ralph Lauren bought a table, so I kinda have to go Rachel: Ross-Ross, you have no idea what this means to me!",sadness,anxiety|hopefulness,anxiety|hopefulness,fear,hybrid_dictionary_plus_fallback,0.75,Dictionary majority vote over normalized emotion words.,false
S0209,Oh!,Rachel: Now we can go eat. Rachel: Lets go. Paul: It was horrible. They called me chicken boy.,surprise,,,neutral,default_neutral,0.4,No mappable emotion words found.,false
S0211,Whats the charity?,"Joey: Oh, Im sorry. Thank you Chandler. Rachel: Anyway, theres this big charity ball this weekend and Ralph Lauren bought a table, so I kinda have to go Rachel: Ross-Ross, you have no idea what this means to me!",neutral,curious|inquisitive,curious|inquisitive,neutral,heuristic_llm_fallback,0.55,"Unresolved words: curious, inquisitive; used text-level fallback.",false
S0212,Does it?,"Ross: And so I wanted to read every word carefully, twice! Rachel: So umm, does it? Ross: Im sorry.",fear,curious|tentative,curious|tentative,neutral,heuristic_llm_fallback,0.55,"Unresolved words: curious, tentative; used text-level fallback.",false
S0214,What?,"Monica: We know how tough those parent/teacher conferences can be. Rachel: You don't know anything. Joey: Ohh, I know one thing!",joy,confusion|defiance,confusion|defiance,neutral,heuristic_llm_fallback,0.55,"Unresolved words: confusion, defiance; used text-level fallback.",false
S0213,"Cause I kinda all ready told her uh, it was, it was already taken care of.",Russell: And well need you and Rachel to testify before a judge. Ross: Ooh! Ross: Theres no way to do this without her?,fear,relieved|explanatory,relieved|explanatory,joy,hybrid_dictionary_plus_fallback,0.75,Dictionary majority vote over normalized emotion words.,false
S0215,"Oh, I know. Look at him.","Ross: But I'll still always come back, like this. Chandler: And sometimes, I'll want you to steal third, and I'll go like this. Monica: He is so amazing.",joy,appreciation|admiration,appreciation|admiration,neutral,heuristic_llm_fallback,0.55,"Unresolved words: appreciation, admiration; used text-level fallback.",false
S0216,No! Dont say that! Dont say that!,Ben: Oh damnit!,fear,distress|urgency,distress|urgency,neutral,heuristic_llm_fallback,0.55,"Unresolved words: distress, urgency; used text-level fallback.",false
S0217,I won! I won! I finally won!,,surprise,joy|excitement,joy|excitement,joy,dictionary,0.8500000000000001,Dictionary majority vote over normalized emotion words.,false
S0218,No!,"Chandler: Bamboozled? Joey: Yeah, isnt that a cool name? Ross: Yeah!",disgust,disbelief|annoyance,disbelief|annoyance,anger,hybrid_dictionary_plus_fallback,0.75,Dictionary majority vote over normalized emotion words.,false
S0219,"Hi, I was wondering if it is possible to increase security in the Paleontology section?","The Librarian: Well, yes! Just give me five minutes, I just have to find someone to cover my shift. Ross: No! No!! No! Can I speak to someone in charge please?! The Head Librarian: How can I help you?",anger,urgent|anxious,urgent|anxious,fear,hybrid_dictionary_plus_fallback,0.75,Dictionary majority vote over normalized emotion words.,false
S0220,"Oh I know, I helped pick out the ring.",Phoebe: Hi. Ross: Hey-hey Pheebs! Ross: Chandlers gonna ask Monica to marry him!,neutral,happy|proud,happy|proud,joy,hybrid_dictionary_plus_fallback,0.75,Dictionary majority vote over normalized emotion words.,false
S0222,"Geez, sounds like you should be going on this date!","Ross: You know what? Ross: She loves architecture, you know what you should do? Ross: You should take a walk down fifth to the Saint Patrick's Cathedral and there    there's this great little pastry shop that she'd love.",surprise,sarcastic|amused,sarcastic|amused,joy,hybrid_dictionary_plus_fallback,0.75,Dictionary majority vote over normalized emotion words.,false
S0221,"Well, maybe thats because youre closer to you. So you look bigger to you from where you are.","Joey: Hey! Ross: They dont look any bigger than me! Chandler: With a chick-chick here, and a chick-chick there.",anger,confident|playful,confident|playful,neutral,heuristic_llm_fallback,0.55,"Unresolved words: confident, playful; used text-level fallback.",false
S0224,"Where is that book that you are reading with the two women who were ice-skating and wearing, wearing those hats with the flowers on it?","Monica: Deep Impact Chandler: Sorry, I justcant sleep. Chandler: Ooh!",neutral,curious|playful,curious|playful,neutral,heuristic_llm_fallback,0.55,"Unresolved words: curious, playful; used text-level fallback.",false
S0223,"Thats, thats, thats a big candy bar. (Shes holding one of those huge","Emily: Oh my God! What are you doing here? Ross: I just, I had to see you one more time before you took-off. Emily: You are so sweet.",sadness,surprise|amusement,surprise|amusement,neutral,default_neutral,0.4,No mappable emotion words found.,false
S0225,That's okay.,"Joey: Huh? Joey: And-and-and I wrote a song for us! Joey: (Singing, to the tune of",neutral,reassuring|calm,reassuring|calm,neutral,hybrid_dictionary_plus_fallback,0.75,Dictionary majority vote over normalized emotion words.,false
S0226,"Well, shell understand right? Its not like I did it on purpose.",,sadness,apologetic|defensive,apologetic|defensive,neutral,heuristic_llm_fallback,0.55,"Unresolved words: apologetic, defensive; used text-level fallback.",false
S0227,...Oh God.,"Shelley: Okay. He's cute, he's funny, he's- Chandler: He's a he? Shelley: Well yeah!",fear,surprise|exasperation,surprise|exasperation,surprise,hybrid_dictionary_plus_fallback,0.75,Dictionary majority vote over normalized emotion words.,false
S0228,"I mean, last year Elizabeth now-now this kid.",Rachel: Really? Ross: Yeah! Ross: I dont know.,anger,confused|uncertain,confused|uncertain,neutral,heuristic_llm_fallback,0.55,"Unresolved words: confused, uncertain; used text-level fallback.",false
S0229,"Ten, even twenty minutes if you need it.","Richard: Yeah, I understand. Richard: Take as much time as you want.",neutral,patient|supportive,patient|supportive,neutral,heuristic_llm_fallback,0.55,"Unresolved words: patient, supportive; used text-level fallback.",false
S0230,"Were really gonna do this, huh?",,surprise,uncertainty|hesitation,uncertainty|hesitation,neutral,heuristic_llm_fallback,0.55,"Unresolved words: uncertainty, hesitation; used text-level fallback.",false
S0232,"Well uh, you and I are just goofing around, I thought, why not goof around with him.","Chandler: So, are you really gonna go out with that nurse man?",neutral,playful|curious,playful|curious,neutral,heuristic_llm_fallback,0.55,"Unresolved words: playful, curious; used text-level fallback.",false
S0231,Not nice enough.,"Girl: Why dont you look in the mirror, scrud. Ross: I dont have too. I can just look at you. Leader: All right girls, and man. Lets see your final tallies.  Ohhhh, Debbie,  321 boxes of cookies,  Very nice.",anger,dismissive|unimpressed,dismissive|unimpressed,neutral,heuristic_llm_fallback,0.55,"Unresolved words: dismissive, unimpressed; used text-level fallback.",false
S0234,Look at me! I'm Chandler! Could I,"Joey: Okay, buddy-boy. Here it is. You hide my clothes, I'm wearing everything you own. Chandler: Oh my God!",joy,confusion|frustration,confusion|frustration,surprise,heuristic_llm_fallback,0.55,"Unresolved words: confusion, frustration; used text-level fallback.",false
S0233,He touched my fanny.,"Frank: Ow!-Ow!-Ow! Ow! Ow! Ow! Ow! Ow! Ow! Y'know, ow! Phoebe: Hey!-Hey! Whats going on? Frank: She broke my arm.",anger,shock|defiance,shock|defiance,surprise,hybrid_dictionary_plus_fallback,0.75,Dictionary majority vote over normalized emotion words.,false
S0235,"I said, ""Geez, relax Monnnnn.""","Monica: We're supposed to uh, be spending a romantic weekend together, it-it, what is the matter with you? Chandler: I just want to watch a little television. What is the big deal? Geez, relax mom. Monica: What did you say?",fear,annoyed|defensive,annoyed|defensive,anger,hybrid_dictionary_plus_fallback,0.75,Dictionary majority vote over normalized emotion words.,false
S0236,"Yeah, sure, sure I can bring some sandwiches.","Rachel: Hi, Joey! Rachel: Its Rachel! Rachel: Umm, I am free tomorrow night.",neutral,willing|neutral,willing|neutral,neutral,hybrid_dictionary_plus_fallback,0.75,Dictionary majority vote over normalized emotion words.,false
S0237,DANGER,Ross: What-what are you doing?! Are youOkay thats not funny! Just stop horsing around! Monica: I know I do. Phoebe: Why is Ross doing that?,fear,,,neutral,default_neutral,0.4,No mappable emotion words found.,false
S0238,Oh my God! Why is he jumping on those women!,"Rachel: I am not horsing around, okay? I am Porsching around. Ross: Hi. Ross: DANGER",surprise,shock|disgust,shock|disgust,neutral,default_neutral,0.4,No mappable emotion words found.,false
S0239,"But, now that youre not, Id really like to ask you out sometime.","Rachel: Oh, okay. Mark: Ive kinda of had this ah, this crush on you. Mark: But since you were with Ross, I-I didnt do anything about it.",fear,hopeful|nervous,hopeful|nervous,fear,hybrid_dictionary_plus_fallback,0.75,Dictionary majority vote over normalized emotion words.,false
S0240,"Me? Oh, no, I am not an actress.","Joey: Oh, you know, the writing was good, and the director is good,    and... and my co-star's good Rachel: God, you have to tell me what happens tomorrow! Joey: Ow, I'm just going over the script now! You wanna read lines with    me?",disgust,denial|hesitation,denial|hesitation,neutral,heuristic_llm_fallback,0.55,"Unresolved words: denial, hesitation; used text-level fallback.",false
S0241,I like a girl with a strong jaw.,"Chandler: Wh-why  would I when your name is Elaine? Chandler: Oh what a great picture of your son,  strapping! Chandler: That’s a picture of your daughter, isn’t it,  well she’s lovely.",sadness,admiration|surprise,admiration|surprise,surprise,hybrid_dictionary_plus_fallback,0.75,Dictionary majority vote over normalized emotion words.,false
S0242,"Yeah-yeah, there it is, just a phone number a really hot girl gave me.",Ross: Hello! Ross: What's this? Ross: Oh right its that girl's phone number.,joy,pride|excitement,pride|excitement,joy,hybrid_dictionary_plus_fallback,0.75,Dictionary majority vote over normalized emotion words.,false
S0243,You wanted to see me Professor Geller?,,joy,curious|polite,curious|polite,neutral,heuristic_llm_fallback,0.55,"Unresolved words: curious, polite; used text-level fallback.",false
S0244,"All right everyone, lift!  And slide!!","Rachel: Ross, I really dont think Ross: Lift!! And slide! Chandler: Okay, here we go.",joy,determined|energetic,determined|energetic,neutral,heuristic_llm_fallback,0.55,"Unresolved words: determined, energetic; used text-level fallback.",false
S0245,Hey sweetie.,"Chandler: No-no-no-no.  Hey! Phoebe: Anyway, I should go. Okay, bye.",neutral,affectionate|playful,affectionate|playful,neutral,heuristic_llm_fallback,0.55,"Unresolved words: affectionate, playful; used text-level fallback.",false
S0246,"Oh no-no, I cant do that.","Monica: Awww.  But still no. Chandler: No Im serious, we should tell each other Monica: Really? Okay, so why dont you tell me what happened to Ross Junior year at",fear,reluctant|hesitant,reluctant|hesitant,neutral,heuristic_llm_fallback,0.55,"Unresolved words: reluctant, hesitant; used text-level fallback.",false
S0247,"Yeah, he doesnt like me.","Chandler: Oh! Right. Umm, maybe thats because I didnt send him an invitation. Joey: Anyway, it wasnt the robot, it was the guy who controls him. Monica: Chandler! Hes your father.  he should be at the wedding.",anger,disappointed|resigned,disappointed|resigned,sadness,hybrid_dictionary_plus_fallback,0.75,Dictionary majority vote over normalized emotion words.,false
S0248,knock over the sandwich right when I was reaching for one!,Chandler: I dont even know the man. Okay? Were not that close. I havent seen him in years. Joey: He had C.H.E.E.S.E. Monica: Well what are you gonna do when he finds out he wasnt even asked?!,anger,frustration|annoyance,frustration|annoyance,anger,hybrid_dictionary_plus_fallback,0.75,Dictionary majority vote over normalized emotion words.,false
S0249,Dr. Geller!,"Ross: Listen, I gotta tell ya, I-Im having a great time! Ross: Yknow how before you said it might be weird, the whole student teacher thing, and to be frank I thought it would be too, but its not. Ross: I mean its not at all.",joy,surprise|joy,surprise|joy,neutral,default_neutral,0.4,No mappable emotion words found.,false
S0250,Oh good God! If you want a baby so bad just go steal it!,,anger,anger|frustration,anger|frustration,anger,hybrid_dictionary_plus_fallback,0.75,Dictionary majority vote over normalized emotion words.,false
S0251,What?,Chandler: Im not crazy about babies. Im crazy about us. Ross: Yeah. Charlton Heston: Who in the hell are you?,surprise,surprise|amusement,surprise|amusement,neutral,default_neutral,0.4,No mappable emotion words found.,false
S0252,So thanks for the warm welcome.,,neutral,,,neutral,default_neutral,0.4,No mappable emotion words found.,false
S0254,"Oh my God Ross, no, hang up the phone, give me the phone Ross, give me the phone, give me the phone, give me the.","Rachel: I'm just calling to say that um, everything's fine and I'm really happy for you and your Ross: Rach, I got a message from you. Rachel: Oh my God.",sadness,urgency|anxiety,urgency|anxiety,fear,hybrid_dictionary_plus_fallback,0.75,Dictionary majority vote over normalized emotion words.,false
S0253,"Oh its Bing, sir. Im sorry , I was just ah...","Doug: And remember, there is no I in team. Chandler: Yes, but theres two in martini, soo everybody Doug: You! Chuckles! Whats your name?",fear,apologetic|hesitant,apologetic|hesitant,neutral,heuristic_llm_fallback,0.55,"Unresolved words: apologetic, hesitant; used text-level fallback.",false
S0256,Ken Adams!!,"Rachel: I heard it from my friend Irene who heard it from some guy! Joey: Some guy!! Rachel: No. No, she told me his name was Ken Adams.",surprise,surprise|excitement,surprise|excitement,neutral,default_neutral,0.4,No mappable emotion words found.,false
S0255,This sounds like a hernia. You have toyou-youGo to the doctor!,"Rachel: Oh yeah, sure. Joey: But um, I dont think its anything serious. Rachel: Sorry I'm late, but I left late.",surprise,concern|urgency,concern|urgency,neutral,heuristic_llm_fallback,0.55,"Unresolved words: concern, urgency; used text-level fallback.",false
S0258,"I know. I know. But, can we please try it again? Huh? I mean, you were","Phoebe: Oh, hello liar. Ross: Look, I-Im really sorry I let go of the bike. Phoebe: I couldve been killed I hope you know!",sadness,apologetic|hesitant,apologetic|hesitant,anger,heuristic_llm_fallback,0.55,"Unresolved words: apologetic, hesitant; used text-level fallback.",false
S0257,"Okay. Yeah.  Yeah, Ill grab this one.","Kristen: But how about tomorrow? Joey: Sounds great! Okay, alright, well where does this go? Kristen: You look strong, why dont I take that and you grab one of the boxes.",neutral,cooperative|task-focused,cooperative|task-focused,joy,heuristic_llm_fallback,0.55,"Unresolved words: cooperative, task-focused; used text-level fallback.",false
S0260,Some days it's all I can think about.,"Monica: Mom already called this morning to remind me not to wear my hair up. Did you know my ears are not my best feature? Rachel: Its got all of these layers. Rachel: Y'know what, actually  Okay, okay, okay, what's so funny over here?",neutral,reflective|thoughtful,reflective|thoughtful,neutral,heuristic_llm_fallback,0.55,"Unresolved words: reflective, thoughtful; used text-level fallback.",false
S0259,How could you have kept all of this from me?,,fear,,,neutral,default_neutral,0.4,No mappable emotion words found.,false
S0262,"Well umm, Alexandra has been","Phoebe: I cant believe this! How long as this been going on? Host: Welcome everybody, welcome to Amazing Discoveries! Phoebe: You know what? You are right. I",neutral,uncertain|hesitant,uncertain|hesitant,neutral,heuristic_llm_fallback,0.55,"Unresolved words: uncertain, hesitant; used text-level fallback.",false
S0261,Ohh. And I dont even have a date.,"Emily: Its perfect. Ross: And, I dont know, if it starts to rain Emily: Well then well get wet.",sadness,disappointment|humor,disappointment|humor,sadness,hybrid_dictionary_plus_fallback,0.75,Dictionary majority vote over normalized emotion words.,false
S0264,What?,"Joey: That would be Casey. Were going out tonight. Chandler: Goin out, huh? Wow! Wow!  So things didnt work out with Kathy, huh? Bummer. Joey: No, things are fine with Kathy. Im having a late dinner with her tonight, right after my early dinner with Casey.",surprise,confusion|surprise,confusion|surprise,surprise,hybrid_dictionary_plus_fallback,0.75,Dictionary majority vote over normalized emotion words.,false
S0263,"You guys, can we please not watch this all right.","Monica: Well umm, Alexandra has been Phoebe: Oh, oh! It's on again! Rachel: Good for you Pheebs!",disgust,frustration|resignation,frustration|resignation,anger,heuristic_llm_fallback,0.55,"Unresolved words: frustration, resignation; used text-level fallback.",false
S0266,Come on!,"Rachel: Yknow, theyre not gonna get married anyway! Ross: Celebrate. Chandler: What?",anger,encouragement|impatience,encouragement|impatience,neutral,heuristic_llm_fallback,0.55,"Unresolved words: encouragement, impatience; used text-level fallback.",false
S0265,"Oh, no!","Ross: No, I mean its okay, I mean, theyre-theyre my friends. Ross: In fact, I-I-I was married to one of them. The Instructor: Let me get this straight man, you attacked your ex-wife?!",surprise,,,neutral,default_neutral,0.4,No mappable emotion words found.,false
S0267,Coming through!  Oh! Coming through!  Oh! Hello! Hi!  No! Right! Coming through!,,fear,urgent|alert,urgent|alert,surprise,heuristic_llm_fallback,0.55,"Unresolved words: urgent, alert; used text-level fallback.",false
S0268,Oh!,"Joey: But youre still moving in together, right? Because my ad came out today. Fireman #1: Yeah, most of the damage is pretty mostly contained in the bedrooms. Jade: Oh, and in case you were wondering, those are my legs on the new James Bond poster.",surprise,surprise|alarm,surprise|alarm,surprise,hybrid_dictionary_plus_fallback,0.75,Dictionary majority vote over normalized emotion words.,false
S0269,Everythings ruined. My bed. My clothes. Look at my favorite blue sweater.,"Chandler: Ok.  Ok. Having a phone has finally paid off. Chandler: Hows your room Rach? Ross: Even though you do do a good Bob impression, I'm thinkin' when she sees you tomorow, she's probably gonna realize, ""Hey, you're not Bob.""",sadness,distress|frustration,distress|frustration,neutral,heuristic_llm_fallback,0.55,"Unresolved words: distress, frustration; used text-level fallback.",false
S0270,Oh my god. You are pure evil.,"Ross: Even though you do do a good Bob impression, I'm thinkin' when she sees you tomorow, she's probably gonna realize, ""Hey, you're not Bob."" Rachel: Everythings ruined. My bed. My clothes. Look at my favorite blue sweater. Chandler: I'm hoping that when Bob doesn't show up, she will seek comfort in the open arms of the wry stranger at the next table.",disgust,anger|disgust,anger|disgust,neutral,default_neutral,0.4,No mappable emotion words found.,false
S0272,I won't!  Until I have my next cigarette.,"Phoebe: You can't put your cigarette out on a tree! The Smoking Woman: Yeah I can, it worked real well. Phoebe: No but you shouldn't! Don't ever do that again.",anger,defiant|stubborn,defiant|stubborn,anger,heuristic_llm_fallback,0.55,"Unresolved words: defiant, stubborn; used text-level fallback.",false
S0271,"I don't know, I just kinda ran into him last night.","Phoebe: What the hell is this?! Monica: Rachel, how did this happen? Ross: She is not  Shes gay. Oh my God. She is",fear,confused|uncertain,confused|uncertain,surprise,heuristic_llm_fallback,0.55,"Unresolved words: confused, uncertain; used text-level fallback.",false
S0274,My God!,,surprise,shock|surprise,shock|surprise,surprise,dictionary,0.8500000000000001,Dictionary majority vote over normalized emotion words.,false
S0273,What is the big deal?,"Ross: It's breast milk. Phoebe: So? Rachel: Phoebe, that is juice, squeezed from a person.",anger,confusion|curiosity,confusion|curiosity,neutral,heuristic_llm_fallback,0.55,"Unresolved words: confusion, curiosity; used text-level fallback.",false
S0276,They taste so good.,Chandler: I found this place that makes the greatest mozzarella sticks and jalepino poppers . Chandler: No? Chandler: Really?,joy,surprise|interest,surprise|interest,surprise,hybrid_dictionary_plus_fallback,0.75,Dictionary majority vote over normalized emotion words.,false
S0275,You are really frightening me.,"Monica: I'm sure they'll be here soon. Rachel: Yeah, honey, they wouldn't miss this. Joey: Relax. You're only at nine centimeters. And the baby's at zero station.",fear,anxious|frightened,anxious|frightened,fear,hybrid_dictionary_plus_fallback,0.75,Dictionary majority vote over normalized emotion words.,false
S0277,I'll sneak over as soon as Ross picks up Ben.,All: Aww! Monica: I can't wait to be with you! Phoebe: This sucks!,neutral,anticipation|anxiety,anticipation|anxiety,fear,hybrid_dictionary_plus_fallback,0.75,Dictionary majority vote over normalized emotion words.,false
S0278,"Please, what about you and Chandler?","Monica: Hey! Rachel: I just wanted to let you know I've changed my mind: I'm gonna    do it, I'm gonna kiss Joey. Monica: No, you can't! Friends hooking up is a bad idea.",anger,curious|concerned,curious|concerned,neutral,heuristic_llm_fallback,0.55,"Unresolved words: curious, concerned; used text-level fallback.",false
S0280,What?! What do you mean youre going to London?,"Rachel: Do you remember where the duck food is? Phoebe: Yeah, its in the guys apartment under the sink. Why? Rachel: Because Im going to London.",surprise,shock|confusion,shock|confusion,surprise,hybrid_dictionary_plus_fallback,0.75,Dictionary majority vote over normalized emotion words.,false
S0279,He's probably up in your room!,"Monica: This is crazy! I mean, it's such a stupid argument. I don't even wanna see Richard again. Phoebe: So go fix it! Phoebe: Go find Chandler!",sadness,,,neutral,default_neutral,0.4,No mappable emotion words found.,false
S0282,I just don’t know! It just doesn’t feel right.,"Phoebe: I  like to think of myself as the puppet master of the group. Rachel: And you really think this is a good idea? Phoebe: I just talked him into it, don’t tell me I have to do you too.  The puppet master gets tired people.",sadness,confusion|doubt,confusion|doubt,neutral,heuristic_llm_fallback,0.55,"Unresolved words: confusion, doubt; used text-level fallback.",false
S0281,Oh my God! He did it?,Rachel: Hi. Phoebe: Are you all right? Rachel: Uhh… I think I just got engaged.,surprise,surprise|excitement,surprise|excitement,neutral,default_neutral,0.4,No mappable emotion words found.,false
S0283,That would be no.,"Carol: Ross, you're being silly. I've tried it, it's no big deal. Just taste it. Ross: And I too am just a love machine. Joanna: Oh, I mustve said that after you left.",disgust,refusal|determination,refusal|determination,neutral,heuristic_llm_fallback,0.55,"Unresolved words: refusal, determination; used text-level fallback.",false
S0284,"Oh, you've tasted it.","Joanna: I dont want to lose you. Susan: Uh huh. Joanna: What if I, create a position for you?",anger,curious|reflective,curious|reflective,neutral,heuristic_llm_fallback,0.55,"Unresolved words: curious, reflective; used text-level fallback.",false
S0285,"Im sorry, I wa, I wa, I was just ah....","Rachel: Oh honey, come on, Im sorry, I didnt.... Rachel: I dont mind paying my dues, y'know, its just how much am I gonna learn about fashion by walking Mira, the arthritic seamstress, to the bathroom. Rachel: Hi! Is my misery amusing to you?",fear,apologetic|hesitant,apologetic|hesitant,neutral,heuristic_llm_fallback,0.55,"Unresolved words: apologetic, hesitant; used text-level fallback.",false
S0286,Oh - Oh my god!,"Phoebe: Bob! Phoebe: Robert! Phoebe: Oh wait, I think I hear him.",surprise,surprise|relief,surprise|relief,surprise,hybrid_dictionary_plus_fallback,0.75,Dictionary majority vote over normalized emotion words.,false
S0287,Bob    had babies!,"Phoebe: Robert! Phoebe: Oh wait, I think I hear him. Phoebe: Oh - Oh my god!",surprise,surprise|excitement,surprise|excitement,neutral,default_neutral,0.4,No mappable emotion words found.,false
S0288,Great. So the ball is in his court?,"Rachel: So if I said yes, he would know I had nothing better to do than wait around for an invitation to his stupid party. Rachel: I said, ""No!"" Rachel: Which puts",anger,anticipation|skepticism,anticipation|skepticism,joy,heuristic_llm_fallback,0.55,"Unresolved words: anticipation, skepticism; used text-level fallback.",false
S0290,You should serve it with vodka and a piece of celery.,"Monica: All right, that Ill retract. Monica: But I stand by my review, I know food and that wasnt it. Monica: Youre marinara sauce tasted like tomato juice!",disgust,critical|assertive,critical|assertive,neutral,heuristic_llm_fallback,0.55,"Unresolved words: critical, assertive; used text-level fallback.",false
S0289,What?! Why?!,"Danny: Oh, hey Rach! I thought we said seven? Rachel: Yeah uh, y'know what uh, let's skip it.",surprise,surprise|confusion,surprise|confusion,surprise,hybrid_dictionary_plus_fallback,0.75,Dictionary majority vote over normalized emotion words.,false
S0291,"Okay, this isn't working. I'm still awake and now I have to pee.","Phoebe: Okay. Phoebe: Just-just, you know, the-the lovely waterfalls, and the, the trickling fountains. Phoebe: And the-the calming sounds of the babbling brook....",disgust,frustration|discomfort,frustration|discomfort,neutral,heuristic_llm_fallback,0.55,"Unresolved words: frustration, discomfort; used text-level fallback.",false
S0292,Go! Go! Go! Go! Go! Go! Go! Go! Go! Go!,Rachel: But we should move quick. Chandler: Why? Rachel: Because I think I just heard her moving around in there.,fear,urgency|anxiety,urgency|anxiety,fear,hybrid_dictionary_plus_fallback,0.75,Dictionary majority vote over normalized emotion words.,false
S0294,How's it going?,"All: Hey, Pheebs. Phoebe: Hey.",neutral,curious|friendly,curious|friendly,neutral,heuristic_llm_fallback,0.55,"Unresolved words: curious, friendly; used text-level fallback.",false
S0293,"Noo!  Oh, its okay, its okay, baby, baby, baby.","Chandler: Well, the movie was great, dinner was great, and theres nothing like a cool, crisp New York evening. Joey: Wait. Give him a minute. Chandler: Thats me! Come on!",fear,reassuring|concerned,reassuring|concerned,joy,heuristic_llm_fallback,0.55,"Unresolved words: reassuring, concerned; used text-level fallback.",false
S0295,We hate that guy.,"Monica: Nothing, um, it's just, um... It's Roger. Ross: I dunno, there's just something about... Chandler: Basically we just feel that he's...",disgust,disgust|annoyance,disgust|annoyance,neutral,default_neutral,0.4,No mappable emotion words found.,false
S0296,Yeah. Hate him.,"Ross: I dunno, there's just something about... Chandler: Basically we just feel that he's... Rachel: We hate that guy.",disgust,dislike|annoyance,dislike|annoyance,anger,hybrid_dictionary_plus_fallback,0.75,Dictionary majority vote over normalized emotion words.,false
S0297,"Emily, do you think Monica realises how much our parents spent on this wedding?","Ross: She said what? Emily: She said, ""If Im not gonna be happy getting married somewhere that we find in a day, well then we should just postpone it."" Ross: Postpone it?",anger,,,neutral,default_neutral,0.4,No mappable emotion words found.,false
S0298,"Do you my sisters teeny-tiny little brain comprehends that people took time out of their lives to fly thousands of miles to be here, huh?","Emily: She said, ""If Im not gonna be happy getting married somewhere that we find in a day, well then we should just postpone it."" Ross: Postpone it? Ross: Emily, do you think Monica realises how much our parents spent on this wedding?",anger,frustration|exasperation,frustration|exasperation,joy,heuristic_llm_fallback,0.55,"Unresolved words: frustration, exasperation; used text-level fallback.",false
S0300,"Oh please, he didnt hear it! He didnt hear it!!","The Museum Official: Hi, this is Heldi from the Morgan Chase museum. Im calling for Monica Geller. Monica: Oh no! The Museum Official: I want to let her know that there was a cancellation and if shes still interested in having the Bing-Geller wedding at our facility, it is available",fear,frustration|relief,frustration|relief,neutral,heuristic_llm_fallback,0.55,"Unresolved words: frustration, relief; used text-level fallback.",false
S0299,We have no choice!,"Emily: I realize that people are going to be disappointed. But, Im sure theyll come back when we can do it right. Ross: I cant ask people to do that? Would you ask people to do that? Emily: Dont you point your pants at me!",anger,determination|frustration,determination|frustration,neutral,heuristic_llm_fallback,0.55,"Unresolved words: determination, frustration; used text-level fallback.",false
